advance_days,route_code,carrier_iata,flight_number,query_date,travel_date
2,DEL-BOM,QP,QP870,2026-06-07,2026-06-09
1,DEL-BOM,QP,QP870,2026-06-08,2026-06-09
1,DEL-BOM,QP,QP870,2026-06-11,2026-06-12
1,DEL-BOM,QP,QP870,2026-06-16,2026-06-17
1,DEL-BOM,QP,QP870,2026-06-22,2026-06-23
2,DEL-BOM,QP,QP870,2026-06-25,2026-06-27
1,DEL-BOM,QP,QP870,2026-06-26,2026-06-27
2,DEL-BOM,QP,QP870,2026-07-01,2026-07-03
1,DEL-BOM,QP,QP870,2026-07-02,2026-07-03
2,DEL-BOM,QP,QP870,2026-07-04,2026-07-06
1,DEL-BOM,QP,QP870,2026-07-05,2026-07-06
1,DEL-BOM,QP,QP870,2026-07-10,2026-07-11
2,DEL-BOM,QP,QP870,2026-07-11,2026-07-13
1,DEL-BOM,QP,QP870,2026-07-12,2026-07-13
2,DEL-BOM,QP,QP870,2026-07-12,2026-07-14
1,DEL-BOM,QP,QP870,2026-07-13,2026-07-14
2,DEL-BOM,QP,QP870,2026-07-24,2026-07-26
1,DEL-BOM,QP,QP870,2026-07-25,2026-07-26
2,DEL-BOM,QP,QP870,2026-07-25,2026-07-27
1,DEL-BOM,QP,QP870,2026-07-26,2026-07-27
1,DEL-BOM,QP,QP870,2026-07-31,2026-08-01
1,DEL-BOM,QP,QP870,2026-08-07,2026-08-08
2,DEL-BOM,QP,QP870,2026-08-08,2026-08-10
1,DEL-BOM,QP,QP870,2026-08-09,2026-08-10
2,DEL-BOM,QP,QP870,2026-08-14,2026-08-16
1,DEL-BOM,QP,QP870,2026-08-15,2026-08-16
2,DEL-BOM,QP,QP870,2026-08-18,2026-08-20
1,DEL-BOM,QP,QP870,2026-08-19,2026-08-20
1,DEL-BOM,QP,QP870,2026-08-24,2026-08-25
2,DEL-BOM,QP,QP870,2026-08-25,2026-08-27
1,DEL-BOM,QP,QP870,2026-08-26,2026-08-27
1,DEL-BOM,QP,QP870,2026-08-27,2026-08-28
2,DEL-BOM,QP,QP870,2026-08-29,2026-08-31
1,DEL-BOM,QP,QP870,2026-08-30,2026-08-31
1,DEL-BOM,AI,AI962,2026-06-09,2026-06-10
2,DEL-BOM,AI,AI962,2026-06-09,2026-06-11
1,DEL-BOM,AI,AI962,2026-06-10,2026-06-11
1,DEL-BOM,AI,AI962,2026-06-13,2026-06-14
1,DEL-BOM,AI,AI962,2026-07-04,2026-07-05
1,DEL-BOM,AI,AI962,2026-07-10,2026-07-11
2,DEL-BOM,AI,AI962,2026-07-12,2026-07-14
1,DEL-BOM,AI,AI962,2026-07-13,2026-07-14
2,DEL-BOM,AI,AI962,2026-07-16,2026-07-18
1,DEL-BOM,AI,AI962,2026-07-17,2026-07-18
2,DEL-BOM,AI,AI962,2026-07-22,2026-07-24
1,DEL-BOM,AI,AI962,2026-07-23,2026-07-24
2,DEL-BOM,AI,AI962,2026-07-23,2026-07-25
1,DEL-BOM,AI,AI962,2026-07-24,2026-07-25
2,DEL-BOM,AI,AI962,2026-08-10,2026-08-12
1,DEL-BOM,AI,AI962,2026-08-11,2026-08-12
1,DEL-BOM,AI,AI962,2026-08-19,2026-08-20
1,DEL-BOM,AI,AI962,2026-08-24,2026-08-25
2,DEL-BOM,IX,IX946,2026-06-07,2026-06-09
1,DEL-BOM,IX,IX946,2026-06-08,2026-06-09
1,DEL-BOM,IX,IX946,2026-06-10,2026-06-11
1,DEL-BOM,IX,IX946,2026-06-11,2026-06-12
1,DEL-BOM,IX,IX946,2026-06-12,2026-06-13
1,DEL-BOM,IX,IX946,2026-06-20,2026-06-21
1,DEL-BOM,IX,IX946,2026-06-24,2026-06-25
1,DEL-BOM,IX,IX946,2026-06-25,2026-06-26
1,DEL-BOM,IX,IX946,2026-06-29,2026-06-30
2,DEL-BOM,IX,IX946,2026-07-02,2026-07-04
1,DEL-BOM,IX,IX946,2026-07-03,2026-07-04
1,DEL-BOM,IX,IX946,2026-07-04,2026-07-05
1,DEL-BOM,IX,IX946,2026-07-05,2026-07-06
2,DEL-BOM,IX,IX946,2026-07-05,2026-07-07
1,DEL-BOM,IX,IX946,2026-07-06,2026-07-07
2,DEL-BOM,IX,IX946,2026-07-10,2026-07-12
1,DEL-BOM,IX,IX946,2026-07-11,2026-07-12
2,DEL-BOM,IX,IX946,2026-07-11,2026-07-13
1,DEL-BOM,IX,IX946,2026-07-12,2026-07-13
1,DEL-BOM,IX,IX946,2026-07-15,2026-07-16
2,DEL-BOM,IX,IX946,2026-07-19,2026-07-21
1,DEL-BOM,IX,IX946,2026-07-20,2026-07-21
2,DEL-BOM,IX,IX946,2026-07-23,2026-07-25
1,DEL-BOM,IX,IX946,2026-07-24,2026-07-25
1,DEL-BOM,IX,IX946,2026-07-27,2026-07-28
1,DEL-BOM,IX,IX946,2026-08-06,2026-08-07
1,DEL-BOM,IX,IX946,2026-08-13,2026-08-14
2,DEL-BOM,IX,IX946,2026-08-14,2026-08-16
1,DEL-BOM,IX,IX946,2026-08-15,2026-08-16
2,DEL-BOM,IX,IX946,2026-08-17,2026-08-19
1,DEL-BOM,IX,IX946,2026-08-18,2026-08-19
2,DEL-BOM,IX,IX946,2026-08-21,2026-08-23
1,DEL-BOM,IX,IX946,2026-08-22,2026-08-23
1,DEL-BOM,IX,IX946,2026-08-25,2026-08-26
1,DEL-BOM,IX,IX946,2026-09-03,2026-09-04
2,DEL-BOM,6E,6E633,2026-06-17,2026-06-19
1,DEL-BOM,6E,6E633,2026-06-18,2026-06-19
2,DEL-BOM,6E,6E633,2026-06-18,2026-06-20
1,DEL-BOM,6E,6E633,2026-06-19,2026-06-20
1,DEL-BOM,6E,6E633,2026-06-22,2026-06-23
2,DEL-BOM,6E,6E633,2026-06-22,2026-06-24
1,DEL-BOM,6E,6E633,2026-06-23,2026-06-24
1,DEL-BOM,6E,6E633,2026-06-27,2026-06-28
1,DEL-BOM,6E,6E633,2026-07-02,2026-07-03
1,DEL-BOM,6E,6E633,2026-07-11,2026-07-12
2,DEL-BOM,6E,6E633,2026-07-13,2026-07-15
1,DEL-BOM,6E,6E633,2026-07-14,2026-07-15
2,DEL-BOM,6E,6E633,2026-07-18,2026-07-20
1,DEL-BOM,6E,6E633,2026-07-19,2026-07-20
2,DEL-BOM,6E,6E633,2026-07-21,2026-07-23
1,DEL-BOM,6E,6E633,2026-07-22,2026-07-23
1,DEL-BOM,6E,6E633,2026-07-31,2026-08-01
2,DEL-BOM,6E,6E633,2026-08-05,2026-08-07
1,DEL-BOM,6E,6E633,2026-08-06,2026-08-07
2,DEL-BOM,6E,6E633,2026-08-06,2026-08-08
1,DEL-BOM,6E,6E633,2026-08-07,2026-08-08
2,DEL-BOM,6E,6E633,2026-08-12,2026-08-14
1,DEL-BOM,6E,6E633,2026-08-13,2026-08-14
1,DEL-BOM,6E,6E633,2026-08-14,2026-08-15
2,DEL-BOM,6E,6E633,2026-08-14,2026-08-16
1,DEL-BOM,6E,6E633,2026-08-15,2026-08-16
2,DEL-BOM,6E,6E633,2026-08-15,2026-08-17
1,DEL-BOM,6E,6E633,2026-08-16,2026-08-17
1,DEL-BOM,6E,6E633,2026-08-28,2026-08-29
1,DEL-BOM,6E,6E633,2026-09-01,2026-09-02
2,DEL-BOM,SG,SG958,2026-06-19,2026-06-21
1,DEL-BOM,SG,SG958,2026-06-20,2026-06-21
2,DEL-BOM,SG,SG958,2026-06-23,2026-06-25
1,DEL-BOM,SG,SG958,2026-06-24,2026-06-25
1,DEL-BOM,SG,SG958,2026-06-30,2026-07-01
2,DEL-BOM,SG,SG958,2026-07-13,2026-07-15
1,DEL-BOM,SG,SG958,2026-07-14,2026-07-15
1,DEL-BOM,SG,SG958,2026-07-15,2026-07-16
2,DEL-BOM,SG,SG958,2026-07-24,2026-07-26
1,DEL-BOM,SG,SG958,2026-07-25,2026-07-26
1,DEL-BOM,SG,SG958,2026-07-27,2026-07-28
2,DEL-BOM,SG,SG958,2026-07-27,2026-07-29
1,DEL-BOM,SG,SG958,2026-07-28,2026-07-29
2,DEL-BOM,SG,SG958,2026-07-31,2026-08-02
1,DEL-BOM,SG,SG958,2026-08-01,2026-08-02
1,DEL-BOM,SG,SG958,2026-08-05,2026-08-06
1,DEL-BOM,SG,SG958,2026-08-13,2026-08-14
2,DEL-BOM,SG,SG958,2026-08-13,2026-08-15
1,DEL-BOM,SG,SG958,2026-08-14,2026-08-15
2,DEL-BOM,SG,SG958,2026-08-19,2026-08-21
1,DEL-BOM,SG,SG958,2026-08-20,2026-08-21
2,DEL-BOM,SG,SG958,2026-08-26,2026-08-28
1,DEL-BOM,SG,SG958,2026-08-27,2026-08-28
2,DEL-BOM,SG,SG958,2026-08-29,2026-08-31
1,DEL-BOM,SG,SG958,2026-08-30,2026-08-31
2,BOM-DEL,IX,IX197,2026-06-06,2026-06-08
1,BOM-DEL,IX,IX197,2026-06-07,2026-06-08
2,BOM-DEL,IX,IX197,2026-06-18,2026-06-20
1,BOM-DEL,IX,IX197,2026-06-19,2026-06-20
1,BOM-DEL,IX,IX197,2026-06-30,2026-07-01
2,BOM-DEL,IX,IX197,2026-07-03,2026-07-05
1,BOM-DEL,IX,IX197,2026-07-04,2026-07-05
1,BOM-DEL,IX,IX197,2026-07-09,2026-07-10
2,BOM-DEL,IX,IX197,2026-07-09,2026-07-11
1,BOM-DEL,IX,IX197,2026-07-10,2026-07-11
2,BOM-DEL,IX,IX197,2026-07-19,2026-07-21
1,BOM-DEL,IX,IX197,2026-07-20,2026-07-21
2,BOM-DEL,IX,IX197,2026-07-21,2026-07-23
1,BOM-DEL,IX,IX197,2026-07-22,2026-07-23
1,BOM-DEL,IX,IX197,2026-07-29,2026-07-30
2,BOM-DEL,IX,IX197,2026-08-01,2026-08-03
1,BOM-DEL,IX,IX197,2026-08-02,2026-08-03
2,BOM-DEL,IX,IX197,2026-08-03,2026-08-05
1,BOM-DEL,IX,IX197,2026-08-04,2026-08-05
2,BOM-DEL,IX,IX197,2026-08-07,2026-08-09
1,BOM-DEL,IX,IX197,2026-08-08,2026-08-09
5,BOM-DEL,IX,IX197,2026-08-08,2026-08-13
2,BOM-DEL,IX,IX197,2026-08-11,2026-08-13
1,BOM-DEL,IX,IX197,2026-08-12,2026-08-13
2,BOM-DEL,IX,IX197,2026-08-15,2026-08-17
1,BOM-DEL,IX,IX197,2026-08-16,2026-08-17
1,BOM-DEL,IX,IX197,2026-08-20,2026-08-21
1,BOM-DEL,IX,IX197,2026-08-27,2026-08-28
2,BOM-DEL,IX,IX197,2026-08-27,2026-08-29
1,BOM-DEL,IX,IX197,2026-08-28,2026-08-29
2,BOM-DEL,IX,IX197,2026-08-30,2026-09-01
1,BOM-DEL,IX,IX197,2026-08-31,2026-09-01
2,BOM-DEL,6E,6E318,2026-06-07,2026-06-09
1,BOM-DEL,6E,6E318,2026-06-08,2026-06-09
2,BOM-DEL,6E,6E318,2026-06-11,2026-06-13
1,BOM-DEL,6E,6E318,2026-06-12,2026-06-13
1,BOM-DEL,6E,6E318,2026-06-21,2026-06-22
1,BOM-DEL,6E,6E318,2026-07-19,2026-07-20
2,BOM-DEL,6E,6E318,2026-07-20,2026-07-22
1,BOM-DEL,6E,6E318,2026-07-21,2026-07-22
2,BOM-DEL,6E,6E318,2026-07-23,2026-07-25
1,BOM-DEL,6E,6E318,2026-07-24,2026-07-25
1,BOM-DEL,6E,6E318,2026-07-25,2026-07-26
1,BOM-DEL,6E,6E318,2026-08-20,2026-08-21
2,BOM-DEL,6E,6E318,2026-08-27,2026-08-29
1,BOM-DEL,6E,6E318,2026-08-28,2026-08-29
2,BOM-DEL,6E,6E318,2026-08-28,2026-08-30
1,BOM-DEL,6E,6E318,2026-08-29,2026-08-30
1,BOM-DEL,6E,6E318,2026-09-03,2026-09-04
2,BOM-DEL,AI,AI988,2026-06-08,2026-06-10
1,BOM-DEL,AI,AI988,2026-06-09,2026-06-10
1,BOM-DEL,AI,AI988,2026-06-12,2026-06-13
2,BOM-DEL,AI,AI988,2026-06-22,2026-06-24
1,BOM-DEL,AI,AI988,2026-06-23,2026-06-24
1,BOM-DEL,AI,AI988,2026-06-30,2026-07-01
2,BOM-DEL,AI,AI988,2026-06-30,2026-07-02
1,BOM-DEL,AI,AI988,2026-07-01,2026-07-02
1,BOM-DEL,AI,AI988,2026-07-02,2026-07-03
2,BOM-DEL,AI,AI988,2026-07-11,2026-07-13
1,BOM-DEL,AI,AI988,2026-07-12,2026-07-13
2,BOM-DEL,AI,AI988,2026-07-13,2026-07-15
1,BOM-DEL,AI,AI988,2026-07-14,2026-07-15
2,BOM-DEL,AI,AI988,2026-08-01,2026-08-03
1,BOM-DEL,AI,AI988,2026-08-02,2026-08-03
1,BOM-DEL,AI,AI988,2026-08-05,2026-08-06
2,BOM-DEL,AI,AI988,2026-08-07,2026-08-09
1,BOM-DEL,AI,AI988,2026-08-08,2026-08-09
2,BOM-DEL,AI,AI988,2026-08-13,2026-08-15
1,BOM-DEL,AI,AI988,2026-08-14,2026-08-15
2,BOM-DEL,AI,AI988,2026-08-22,2026-08-24
1,BOM-DEL,AI,AI988,2026-08-23,2026-08-24
1,BOM-DEL,AI,AI988,2026-08-27,2026-08-28
2,DEL-BLR,6E,6E787,2026-06-09,2026-06-11
1,DEL-BLR,6E,6E787,2026-06-10,2026-06-11
1,DEL-BLR,6E,6E787,2026-06-13,2026-06-14
1,DEL-BLR,6E,6E787,2026-06-21,2026-06-22
1,DEL-BLR,6E,6E787,2026-06-22,2026-06-23
2,DEL-BLR,6E,6E787,2026-07-10,2026-07-12
1,DEL-BLR,6E,6E787,2026-07-11,2026-07-12
2,DEL-BLR,6E,6E787,2026-07-20,2026-07-22
1,DEL-BLR,6E,6E787,2026-07-21,2026-07-22
1,DEL-BLR,6E,6E787,2026-07-26,2026-07-27
2,DEL-BLR,6E,6E787,2026-07-26,2026-07-28
1,DEL-BLR,6E,6E787,2026-07-27,2026-07-28
1,DEL-BLR,6E,6E787,2026-08-02,2026-08-03
2,DEL-BLR,6E,6E787,2026-08-05,2026-08-07
1,DEL-BLR,6E,6E787,2026-08-06,2026-08-07
1,DEL-BLR,6E,6E787,2026-08-09,2026-08-10
2,DEL-BLR,6E,6E787,2026-08-10,2026-08-12
1,DEL-BLR,6E,6E787,2026-08-11,2026-08-12
2,DEL-BLR,6E,6E787,2026-08-13,2026-08-15
1,DEL-BLR,6E,6E787,2026-08-14,2026-08-15
1,DEL-BLR,6E,6E787,2026-08-18,2026-08-19
2,DEL-BLR,6E,6E787,2026-08-24,2026-08-26
1,DEL-BLR,6E,6E787,2026-08-25,2026-08-26
2,DEL-BLR,6E,6E787,2026-08-28,2026-08-30
1,DEL-BLR,6E,6E787,2026-08-29,2026-08-30
1,DEL-BLR,IX,IX487,2026-06-18,2026-06-19
2,DEL-BLR,IX,IX487,2026-06-18,2026-06-20
1,DEL-BLR,IX,IX487,2026-06-19,2026-06-20
2,DEL-BLR,IX,IX487,2026-06-19,2026-06-21
1,DEL-BLR,IX,IX487,2026-06-20,2026-06-21
1,DEL-BLR,IX,IX487,2026-06-23,2026-06-24
1,DEL-BLR,IX,IX487,2026-06-28,2026-06-29
2,DEL-BLR,IX,IX487,2026-06-28,2026-06-30
1,DEL-BLR,IX,IX487,2026-06-29,2026-06-30
2,DEL-BLR,IX,IX487,2026-06-30,2026-07-02
1,DEL-BLR,IX,IX487,2026-07-01,2026-07-02
2,DEL-BLR,IX,IX487,2026-07-11,2026-07-13
1,DEL-BLR,IX,IX487,2026-07-12,2026-07-13
1,DEL-BLR,IX,IX487,2026-07-16,2026-07-17
1,DEL-BLR,IX,IX487,2026-07-17,2026-07-18
2,DEL-BLR,IX,IX487,2026-07-19,2026-07-21
1,DEL-BLR,IX,IX487,2026-07-20,2026-07-21
1,DEL-BLR,IX,IX487,2026-07-31,2026-08-01
5,DEL-BLR,IX,IX487,2026-07-31,2026-08-05
1,DEL-BLR,IX,IX487,2026-08-01,2026-08-02
2,DEL-BLR,IX,IX487,2026-08-02,2026-08-04
1,DEL-BLR,IX,IX487,2026-08-03,2026-08-04
2,DEL-BLR,IX,IX487,2026-08-03,2026-08-05
1,DEL-BLR,IX,IX487,2026-08-04,2026-08-05
5,DEL-BLR,IX,IX487,2026-08-11,2026-08-16
1,DEL-BLR,IX,IX487,2026-08-13,2026-08-14
2,DEL-BLR,IX,IX487,2026-08-14,2026-08-16
1,DEL-BLR,IX,IX487,2026-08-15,2026-08-16
2,DEL-BLR,IX,IX487,2026-08-16,2026-08-18
1,DEL-BLR,IX,IX487,2026-08-17,2026-08-18
5,DEL-BLR,IX,IX487,2026-08-23,2026-08-28
1,DEL-BLR,IX,IX487,2026-08-25,2026-08-26
2,DEL-BLR,IX,IX487,2026-08-26,2026-08-28
1,DEL-BLR,IX,IX487,2026-08-27,2026-08-28
2,DEL-BLR,QP,QP945,2026-06-06,2026-06-08
1,DEL-BLR,QP,QP945,2026-06-07,2026-06-08
2,DEL-BLR,QP,QP945,2026-06-08,2026-06-10
1,DEL-BLR,QP,QP945,2026-06-09,2026-06-10
2,DEL-BLR,QP,QP945,2026-06-19,2026-06-21
1,DEL-BLR,QP,QP945,2026-06-20,2026-06-21
2,DEL-BLR,QP,QP945,2026-06-20,2026-06-22
1,DEL-BLR,QP,QP945,2026-06-21,2026-06-22
1,DEL-BLR,QP,QP945,2026-06-23,2026-06-24
1,DEL-BLR,QP,QP945,2026-06-26,2026-06-27
2,DEL-BLR,QP,QP945,2026-06-26,2026-06-28
1,DEL-BLR,QP,QP945,2026-06-27,2026-06-28
2,DEL-BLR,QP,QP945,2026-06-27,2026-06-29
1,DEL-BLR,QP,QP945,2026-06-28,2026-06-29
1,DEL-BLR,QP,QP945,2026-06-29,2026-06-30
2,DEL-BLR,QP,QP945,2026-07-02,2026-07-04
1,DEL-BLR,QP,QP945,2026-07-03,2026-07-04
2,DEL-BLR,QP,QP945,2026-07-04,2026-07-06
1,DEL-BLR,QP,QP945,2026-07-05,2026-07-06
1,DEL-BLR,QP,QP945,2026-07-10,2026-07-11
1,DEL-BLR,QP,QP945,2026-07-19,2026-07-20
2,DEL-BLR,QP,QP945,2026-07-26,2026-07-28
1,DEL-BLR,QP,QP945,2026-07-27,2026-07-28
2,DEL-BLR,QP,QP945,2026-07-27,2026-07-29
1,DEL-BLR,QP,QP945,2026-07-28,2026-07-29
5,DEL-BLR,QP,QP945,2026-08-06,2026-08-11
2,DEL-BLR,QP,QP945,2026-08-09,2026-08-11
1,DEL-BLR,QP,QP945,2026-08-10,2026-08-11
5,DEL-BLR,QP,QP945,2026-08-12,2026-08-17
2,DEL-BLR,QP,QP945,2026-08-15,2026-08-17
1,DEL-BLR,QP,QP945,2026-08-16,2026-08-17
1,DEL-BLR,QP,QP945,2026-08-19,2026-08-20
2,DEL-BLR,QP,QP945,2026-08-25,2026-08-27
1,DEL-BLR,QP,QP945,2026-08-26,2026-08-27
2,DEL-BLR,9I,9I855,2026-06-14,2026-06-16
1,DEL-BLR,9I,9I855,2026-06-15,2026-06-16
2,DEL-BLR,9I,9I855,2026-06-16,2026-06-18
1,DEL-BLR,9I,9I855,2026-06-17,2026-06-18
2,DEL-BLR,9I,9I855,2026-06-22,2026-06-24
1,DEL-BLR,9I,9I855,2026-06-23,2026-06-24
2,DEL-BLR,9I,9I855,2026-06-23,2026-06-25
1,DEL-BLR,9I,9I855,2026-06-24,2026-06-25
2,DEL-BLR,9I,9I855,2026-06-29,2026-07-01
1,DEL-BLR,9I,9I855,2026-06-30,2026-07-01
1,DEL-BLR,9I,9I855,2026-07-04,2026-07-05
1,DEL-BLR,9I,9I855,2026-07-13,2026-07-14
1,DEL-BLR,9I,9I855,2026-07-18,2026-07-19
2,DEL-BLR,9I,9I855,2026-08-01,2026-08-03
1,DEL-BLR,9I,9I855,2026-08-02,2026-08-03
1,DEL-BLR,9I,9I855,2026-08-08,2026-08-09
1,DEL-BLR,9I,9I855,2026-08-10,2026-08-11
1,DEL-BLR,9I,9I855,2026-08-12,2026-08-13
1,DEL-BLR,9I,9I855,2026-08-14,2026-08-15
1,DEL-BLR,9I,9I855,2026-08-17,2026-08-18
2,DEL-BLR,9I,9I855,2026-08-22,2026-08-24
1,DEL-BLR,9I,9I855,2026-08-23,2026-08-24
2,DEL-BLR,9I,9I855,2026-08-25,2026-08-27
1,DEL-BLR,9I,9I855,2026-08-26,2026-08-27
1,DEL-BLR,9I,9I855,2026-08-27,2026-08-28
2,DEL-BLR,9I,9I855,2026-08-28,2026-08-30
1,DEL-BLR,9I,9I855,2026-08-29,2026-08-30
2,DEL-BLR,SG,SG234,2026-06-12,2026-06-14
1,DEL-BLR,SG,SG234,2026-06-13,2026-06-14
1,DEL-BLR,SG,SG234,2026-06-19,2026-06-20
2,DEL-BLR,SG,SG234,2026-06-19,2026-06-21
1,DEL-BLR,SG,SG234,2026-06-20,2026-06-21
2,DEL-BLR,SG,SG234,2026-06-30,2026-07-02
1,DEL-BLR,SG,SG234,2026-07-01,2026-07-02
2,DEL-BLR,SG,SG234,2026-07-07,2026-07-09
1,DEL-BLR,SG,SG234,2026-07-08,2026-07-09
1,DEL-BLR,SG,SG234,2026-07-11,2026-07-12
1,DEL-BLR,SG,SG234,2026-07-13,2026-07-14
1,DEL-BLR,SG,SG234,2026-07-14,2026-07-15
2,DEL-BLR,SG,SG234,2026-07-18,2026-07-20
1,DEL-BLR,SG,SG234,2026-07-19,2026-07-20
2,DEL-BLR,SG,SG234,2026-08-02,2026-08-04
1,DEL-BLR,SG,SG234,2026-08-03,2026-08-04
2,DEL-BLR,SG,SG234,2026-08-06,2026-08-08
1,DEL-BLR,SG,SG234,2026-08-07,2026-08-08
2,DEL-BLR,SG,SG234,2026-08-13,2026-08-15
1,DEL-BLR,SG,SG234,2026-08-14,2026-08-15
2,DEL-BLR,SG,SG234,2026-08-18,2026-08-20
1,DEL-BLR,SG,SG234,2026-08-19,2026-08-20
2,DEL-BLR,SG,SG234,2026-08-19,2026-08-21
1,DEL-BLR,SG,SG234,2026-08-20,2026-08-21
1,DEL-BLR,SG,SG234,2026-08-21,2026-08-22
2,DEL-BLR,SG,SG234,2026-08-22,2026-08-24
1,DEL-BLR,SG,SG234,2026-08-23,2026-08-24
1,BLR-DEL,SG,SG772,2026-06-10,2026-06-11
1,BLR-DEL,SG,SG772,2026-06-23,2026-06-24
2,BLR-DEL,SG,SG772,2026-06-25,2026-06-27
1,BLR-DEL,SG,SG772,2026-06-26,2026-06-27
2,BLR-DEL,SG,SG772,2026-06-27,2026-06-29
1,BLR-DEL,SG,SG772,2026-06-28,2026-06-29
5,BLR-DEL,SG,SG772,2026-07-09,2026-07-14
2,BLR-DEL,SG,SG772,2026-07-12,2026-07-14
1,BLR-DEL,SG,SG772,2026-07-13,2026-07-14
2,BLR-DEL,SG,SG772,2026-07-17,2026-07-19
1,BLR-DEL,SG,SG772,2026-07-18,2026-07-19
1,BLR-DEL,SG,SG772,2026-07-22,2026-07-23
2,BLR-DEL,SG,SG772,2026-07-23,2026-07-25
1,BLR-DEL,SG,SG772,2026-07-24,2026-07-25
2,BLR-DEL,SG,SG772,2026-07-25,2026-07-27
1,BLR-DEL,SG,SG772,2026-07-26,2026-07-27
5,BLR-DEL,SG,SG772,2026-07-30,2026-08-04
1,BLR-DEL,SG,SG772,2026-07-31,2026-08-01
2,BLR-DEL,SG,SG772,2026-08-02,2026-08-04
1,BLR-DEL,SG,SG772,2026-08-03,2026-08-04
1,BLR-DEL,SG,SG772,2026-08-05,2026-08-06
2,BLR-DEL,SG,SG772,2026-08-08,2026-08-10
1,BLR-DEL,SG,SG772,2026-08-09,2026-08-10
2,BLR-DEL,SG,SG772,2026-08-20,2026-08-22
1,BLR-DEL,SG,SG772,2026-08-21,2026-08-22
2,BLR-DEL,SG,SG772,2026-08-30,2026-09-01
1,BLR-DEL,SG,SG772,2026-08-31,2026-09-01
2,BLR-DEL,AI,AI369,2026-06-12,2026-06-14
1,BLR-DEL,AI,AI369,2026-06-13,2026-06-14
1,BLR-DEL,AI,AI369,2026-06-21,2026-06-22
1,BLR-DEL,AI,AI369,2026-06-26,2026-06-27
2,BLR-DEL,AI,AI369,2026-07-02,2026-07-04
1,BLR-DEL,AI,AI369,2026-07-03,2026-07-04
5,BLR-DEL,AI,AI369,2026-07-08,2026-07-13
2,BLR-DEL,AI,AI369,2026-07-11,2026-07-13
1,BLR-DEL,AI,AI369,2026-07-12,2026-07-13
2,BLR-DEL,AI,AI369,2026-07-12,2026-07-14
1,BLR-DEL,AI,AI369,2026-07-13,2026-07-14
1,BLR-DEL,AI,AI369,2026-07-16,2026-07-17
2,BLR-DEL,AI,AI369,2026-07-16,2026-07-18
1,BLR-DEL,AI,AI369,2026-07-17,2026-07-18
2,BLR-DEL,AI,AI369,2026-07-18,2026-07-20
1,BLR-DEL,AI,AI369,2026-07-19,2026-07-20
2,BLR-DEL,AI,AI369,2026-07-19,2026-07-21
1,BLR-DEL,AI,AI369,2026-07-20,2026-07-21
2,BLR-DEL,AI,AI369,2026-07-25,2026-07-27
1,BLR-DEL,AI,AI369,2026-07-26,2026-07-27
1,BLR-DEL,AI,AI369,2026-08-04,2026-08-05
1,BLR-DEL,AI,AI369,2026-08-08,2026-08-09
2,BLR-DEL,AI,AI369,2026-08-13,2026-08-15
1,BLR-DEL,AI,AI369,2026-08-14,2026-08-15
2,BLR-DEL,AI,AI369,2026-08-15,2026-08-17
1,BLR-DEL,AI,AI369,2026-08-16,2026-08-17
1,BLR-DEL,AI,AI369,2026-08-18,2026-08-19
1,BLR-DEL,AI,AI369,2026-08-23,2026-08-24
2,BLR-DEL,AI,AI369,2026-08-27,2026-08-29
1,BLR-DEL,AI,AI369,2026-08-28,2026-08-29
2,BLR-DEL,AI,AI369,2026-08-29,2026-08-31
1,BLR-DEL,AI,AI369,2026-08-30,2026-08-31
2,BLR-DEL,AI,AI369,2026-08-31,2026-09-02
1,BLR-DEL,AI,AI369,2026-09-01,2026-09-02
1,BLR-DEL,6E,6E275,2026-06-09,2026-06-10
1,BLR-DEL,6E,6E275,2026-06-10,2026-06-11
2,BLR-DEL,6E,6E275,2026-06-24,2026-06-26
1,BLR-DEL,6E,6E275,2026-06-25,2026-06-26
2,BLR-DEL,6E,6E275,2026-06-26,2026-06-28
1,BLR-DEL,6E,6E275,2026-06-27,2026-06-28
1,BLR-DEL,6E,6E275,2026-07-05,2026-07-06
1,BLR-DEL,6E,6E275,2026-07-06,2026-07-07
2,BLR-DEL,6E,6E275,2026-07-22,2026-07-24
1,BLR-DEL,6E,6E275,2026-07-23,2026-07-24
2,BLR-DEL,6E,6E275,2026-07-31,2026-08-02
1,BLR-DEL,6E,6E275,2026-08-01,2026-08-02
1,BLR-DEL,6E,6E275,2026-08-10,2026-08-11
1,BLR-DEL,6E,6E275,2026-08-13,2026-08-14
2,BLR-DEL,6E,6E275,2026-08-17,2026-08-19
1,BLR-DEL,6E,6E275,2026-08-18,2026-08-19
5,BLR-DEL,6E,6E275,2026-08-19,2026-08-24
2,BLR-DEL,6E,6E275,2026-08-21,2026-08-23
1,BLR-DEL,6E,6E275,2026-08-22,2026-08-23
2,BLR-DEL,6E,6E275,2026-08-22,2026-08-24
1,BLR-DEL,6E,6E275,2026-08-23,2026-08-24
1,BLR-DEL,6E,6E275,2026-08-24,2026-08-25
1,BLR-DEL,6E,6E275,2026-08-26,2026-08-27
1,BLR-DEL,6E,6E275,2026-08-28,2026-08-29
2,BLR-DEL,6E,6E275,2026-09-02,2026-09-04
1,BLR-DEL,6E,6E275,2026-09-03,2026-09-04
2,BLR-DEL,IX,IX212,2026-06-10,2026-06-12
1,BLR-DEL,IX,IX212,2026-06-11,2026-06-12
2,BLR-DEL,IX,IX212,2026-06-12,2026-06-14
1,BLR-DEL,IX,IX212,2026-06-13,2026-06-14
2,BLR-DEL,IX,IX212,2026-06-13,2026-06-15
1,BLR-DEL,IX,IX212,2026-06-14,2026-06-15
2,BLR-DEL,IX,IX212,2026-06-24,2026-06-26
1,BLR-DEL,IX,IX212,2026-06-25,2026-06-26
2,BLR-DEL,IX,IX212,2026-06-28,2026-06-30
1,BLR-DEL,IX,IX212,2026-06-29,2026-06-30
2,BLR-DEL,IX,IX212,2026-06-30,2026-07-02
1,BLR-DEL,IX,IX212,2026-07-01,2026-07-02
2,BLR-DEL,IX,IX212,2026-07-02,2026-07-04
1,BLR-DEL,IX,IX212,2026-07-03,2026-07-04
1,BLR-DEL,IX,IX212,2026-07-05,2026-07-06
2,BLR-DEL,IX,IX212,2026-07-08,2026-07-10
1,BLR-DEL,IX,IX212,2026-07-09,2026-07-10
1,BLR-DEL,IX,IX212,2026-07-17,2026-07-18
5,BLR-DEL,IX,IX212,2026-07-19,2026-07-24
1,BLR-DEL,IX,IX212,2026-07-21,2026-07-22
2,BLR-DEL,IX,IX212,2026-07-22,2026-07-24
1,BLR-DEL,IX,IX212,2026-07-23,2026-07-24
1,BLR-DEL,IX,IX212,2026-07-24,2026-07-25
2,BLR-DEL,IX,IX212,2026-08-01,2026-08-03
1,BLR-DEL,IX,IX212,2026-08-02,2026-08-03
2,BLR-DEL,IX,IX212,2026-08-06,2026-08-08
1,BLR-DEL,IX,IX212,2026-08-07,2026-08-08
2,BLR-DEL,IX,IX212,2026-08-09,2026-08-11
1,BLR-DEL,IX,IX212,2026-08-10,2026-08-11
1,BLR-DEL,IX,IX212,2026-08-11,2026-08-12
1,BLR-DEL,IX,IX212,2026-08-22,2026-08-23
2,BLR-DEL,IX,IX212,2026-08-23,2026-08-25
1,BLR-DEL,IX,IX212,2026-08-24,2026-08-25
2,BLR-DEL,IX,IX212,2026-08-29,2026-08-31
1,BLR-DEL,IX,IX212,2026-08-30,2026-08-31
1,BLR-DEL,IX,IX212,2026-09-01,2026-09-02
1,BLR-DEL,QP,QP603,2026-06-19,2026-06-20
1,BLR-DEL,QP,QP603,2026-06-23,2026-06-24
1,BLR-DEL,QP,QP603,2026-06-25,2026-06-26
2,BLR-DEL,QP,QP603,2026-06-29,2026-07-01
1,BLR-DEL,QP,QP603,2026-06-30,2026-07-01
2,BLR-DEL,QP,QP603,2026-07-11,2026-07-13
1,BLR-DEL,QP,QP603,2026-07-12,2026-07-13
2,BLR-DEL,QP,QP603,2026-07-19,2026-07-21
1,BLR-DEL,QP,QP603,2026-07-20,2026-07-21
2,BLR-DEL,QP,QP603,2026-07-27,2026-07-29
1,BLR-DEL,QP,QP603,2026-07-28,2026-07-29
5,BLR-DEL,QP,QP603,2026-07-31,2026-08-05
5,BLR-DEL,QP,QP603,2026-08-02,2026-08-07
2,BLR-DEL,QP,QP603,2026-08-03,2026-08-05
1,BLR-DEL,QP,QP603,2026-08-04,2026-08-05
2,BLR-DEL,QP,QP603,2026-08-05,2026-08-07
1,BLR-DEL,QP,QP603,2026-08-06,2026-08-07
2,BLR-DEL,QP,QP603,2026-08-25,2026-08-27
1,BLR-DEL,QP,QP603,2026-08-26,2026-08-27
2,BLR-DEL,QP,QP603,2026-08-26,2026-08-28
1,BLR-DEL,QP,QP603,2026-08-27,2026-08-28
5,BLR-DEL,QP,QP603,2026-08-29,2026-09-03
2,BLR-DEL,QP,QP603,2026-08-31,2026-09-02
1,BLR-DEL,QP,QP603,2026-09-01,2026-09-02
2,BLR-DEL,QP,QP603,2026-09-01,2026-09-03
1,BLR-DEL,QP,QP603,2026-09-02,2026-09-03
2,BOM-BLR,IX,IX842,2026-06-09,2026-06-11
1,BOM-BLR,IX,IX842,2026-06-10,2026-06-11
2,BOM-BLR,IX,IX842,2026-06-12,2026-06-14
1,BOM-BLR,IX,IX842,2026-06-13,2026-06-14
2,BOM-BLR,IX,IX842,2026-06-16,2026-06-18
1,BOM-BLR,IX,IX842,2026-06-17,2026-06-18
2,BOM-BLR,IX,IX842,2026-06-22,2026-06-24
1,BOM-BLR,IX,IX842,2026-06-23,2026-06-24
2,BOM-BLR,IX,IX842,2026-06-24,2026-06-26
1,BOM-BLR,IX,IX842,2026-06-25,2026-06-26
2,BOM-BLR,IX,IX842,2026-06-27,2026-06-29
1,BOM-BLR,IX,IX842,2026-06-28,2026-06-29
5,BOM-BLR,IX,IX842,2026-06-29,2026-07-04
2,BOM-BLR,IX,IX842,2026-07-01,2026-07-03
1,BOM-BLR,IX,IX842,2026-07-02,2026-07-03
2,BOM-BLR,IX,IX842,2026-07-02,2026-07-04
1,BOM-BLR,IX,IX842,2026-07-03,2026-07-04
2,BOM-BLR,IX,IX842,2026-07-07,2026-07-09
1,BOM-BLR,IX,IX842,2026-07-08,2026-07-09
1,BOM-BLR,IX,IX842,2026-07-13,2026-07-14
1,BOM-BLR,IX,IX842,2026-07-20,2026-07-21
2,BOM-BLR,IX,IX842,2026-07-20,2026-07-22
1,BOM-BLR,IX,IX842,2026-07-21,2026-07-22
1,BOM-BLR,IX,IX842,2026-08-02,2026-08-03
2,BOM-BLR,IX,IX842,2026-08-10,2026-08-12
1,BOM-BLR,IX,IX842,2026-08-11,2026-08-12
2,BOM-BLR,IX,IX842,2026-08-25,2026-08-27
1,BOM-BLR,IX,IX842,2026-08-26,2026-08-27
2,BOM-BLR,IX,IX842,2026-08-28,2026-08-30
1,BOM-BLR,IX,IX842,2026-08-29,2026-08-30
2,BOM-BLR,IX,IX842,2026-08-31,2026-09-02
1,BOM-BLR,IX,IX842,2026-09-01,2026-09-02
2,BOM-BLR,IX,IX842,2026-09-02,2026-09-04
1,BOM-BLR,IX,IX842,2026-09-03,2026-09-04
2,BOM-BLR,6E,6E339,2026-06-21,2026-06-23
1,BOM-BLR,6E,6E339,2026-06-22,2026-06-23
2,BOM-BLR,6E,6E339,2026-07-07,2026-07-09
1,BOM-BLR,6E,6E339,2026-07-08,2026-07-09
1,BOM-BLR,6E,6E339,2026-07-13,2026-07-14
1,BOM-BLR,6E,6E339,2026-07-16,2026-07-17
2,BOM-BLR,6E,6E339,2026-07-16,2026-07-18
1,BOM-BLR,6E,6E339,2026-07-17,2026-07-18
2,BOM-BLR,6E,6E339,2026-07-17,2026-07-19
1,BOM-BLR,6E,6E339,2026-07-18,2026-07-19
1,BOM-BLR,6E,6E339,2026-07-21,2026-07-22
2,BOM-BLR,6E,6E339,2026-07-21,2026-07-23
1,BOM-BLR,6E,6E339,2026-07-22,2026-07-23
1,BOM-BLR,6E,6E339,2026-07-24,2026-07-25
1,BOM-BLR,6E,6E339,2026-07-31,2026-08-01
2,BOM-BLR,6E,6E339,2026-08-05,2026-08-07
1,BOM-BLR,6E,6E339,2026-08-06,2026-08-07
2,BOM-BLR,6E,6E339,2026-08-06,2026-08-08
1,BOM-BLR,6E,6E339,2026-08-07,2026-08-08
2,BOM-BLR,6E,6E339,2026-08-11,2026-08-13
1,BOM-BLR,6E,6E339,2026-08-12,2026-08-13
2,BOM-BLR,6E,6E339,2026-08-13,2026-08-15
1,BOM-BLR,6E,6E339,2026-08-14,2026-08-15
1,BOM-BLR,6E,6E339,2026-08-25,2026-08-26
2,BOM-BLR,6E,6E339,2026-08-25,2026-08-27
1,BOM-BLR,6E,6E339,2026-08-26,2026-08-27
1,BOM-BLR,6E,6E339,2026-08-31,2026-09-01
2,BOM-BLR,9I,9I291,2026-06-07,2026-06-09
1,BOM-BLR,9I,9I291,2026-06-08,2026-06-09
5,BOM-BLR,9I,9I291,2026-06-13,2026-06-18
2,BOM-BLR,9I,9I291,2026-06-16,2026-06-18
1,BOM-BLR,9I,9I291,2026-06-17,2026-06-18
2,BOM-BLR,9I,9I291,2026-06-17,2026-06-19
1,BOM-BLR,9I,9I291,2026-06-18,2026-06-19
1,BOM-BLR,9I,9I291,2026-07-02,2026-07-03
1,BOM-BLR,9I,9I291,2026-07-07,2026-07-08
2,BOM-BLR,9I,9I291,2026-07-13,2026-07-15
1,BOM-BLR,9I,9I291,2026-07-14,2026-07-15
2,BOM-BLR,9I,9I291,2026-07-17,2026-07-19
1,BOM-BLR,9I,9I291,2026-07-18,2026-07-19
2,BOM-BLR,9I,9I291,2026-07-19,2026-07-21
1,BOM-BLR,9I,9I291,2026-07-20,2026-07-21
5,BOM-BLR,9I,9I291,2026-07-20,2026-07-25
2,BOM-BLR,9I,9I291,2026-07-22,2026-07-24
1,BOM-BLR,9I,9I291,2026-07-23,2026-07-24
2,BOM-BLR,9I,9I291,2026-07-23,2026-07-25
1,BOM-BLR,9I,9I291,2026-07-24,2026-07-25
1,BOM-BLR,9I,9I291,2026-07-26,2026-07-27
1,BOM-BLR,9I,9I291,2026-07-31,2026-08-01
1,BOM-BLR,9I,9I291,2026-08-01,2026-08-02
1,BOM-BLR,9I,9I291,2026-08-05,2026-08-06
1,BOM-BLR,9I,9I291,2026-08-14,2026-08-15
2,BOM-BLR,9I,9I291,2026-08-23,2026-08-25
1,BOM-BLR,9I,9I291,2026-08-24,2026-08-25
2,BOM-BLR,9I,9I291,2026-08-26,2026-08-28
1,BOM-BLR,9I,9I291,2026-08-27,2026-08-28
1,BOM-BLR,SG,SG109,2026-06-06,2026-06-07
2,BOM-BLR,SG,SG109,2026-06-07,2026-06-09
1,BOM-BLR,SG,SG109,2026-06-08,2026-06-09
2,BOM-BLR,SG,SG109,2026-06-09,2026-06-11
1,BOM-BLR,SG,SG109,2026-06-10,2026-06-11
2,BOM-BLR,SG,SG109,2026-06-19,2026-06-21
1,BOM-BLR,SG,SG109,2026-06-20,2026-06-21
2,BOM-BLR,SG,SG109,2026-06-27,2026-06-29
1,BOM-BLR,SG,SG109,2026-06-28,2026-06-29
1,BOM-BLR,SG,SG109,2026-07-01,2026-07-02
2,BOM-BLR,SG,SG109,2026-07-06,2026-07-08
1,BOM-BLR,SG,SG109,2026-07-07,2026-07-08
1,BOM-BLR,SG,SG109,2026-07-17,2026-07-18
1,BOM-BLR,SG,SG109,2026-07-28,2026-07-29
1,BOM-BLR,SG,SG109,2026-08-08,2026-08-09
1,BOM-BLR,SG,SG109,2026-08-10,2026-08-11
2,BOM-BLR,SG,SG109,2026-08-10,2026-08-12
1,BOM-BLR,SG,SG109,2026-08-11,2026-08-12
2,BOM-BLR,SG,SG109,2026-08-22,2026-08-24
1,BOM-BLR,SG,SG109,2026-08-23,2026-08-24
1,BOM-BLR,SG,SG109,2026-08-31,2026-09-01
1,BOM-BLR,AI,AI121,2026-06-09,2026-06-10
1,BOM-BLR,AI,AI121,2026-06-13,2026-06-14
2,BOM-BLR,AI,AI121,2026-06-19,2026-06-21
1,BOM-BLR,AI,AI121,2026-06-20,2026-06-21
1,BOM-BLR,AI,AI121,2026-06-21,2026-06-22
2,BOM-BLR,AI,AI121,2026-06-25,2026-06-27
1,BOM-BLR,AI,AI121,2026-06-26,2026-06-27
1,BOM-BLR,AI,AI121,2026-06-28,2026-06-29
2,BOM-BLR,AI,AI121,2026-07-02,2026-07-04
1,BOM-BLR,AI,AI121,2026-07-03,2026-07-04
1,BOM-BLR,AI,AI121,2026-07-04,2026-07-05
1,BOM-BLR,AI,AI121,2026-07-08,2026-07-09
1,BOM-BLR,AI,AI121,2026-07-11,2026-07-12
1,BOM-BLR,AI,AI121,2026-07-12,2026-07-13
1,BOM-BLR,AI,AI121,2026-07-16,2026-07-17
2,BOM-BLR,AI,AI121,2026-07-16,2026-07-18
1,BOM-BLR,AI,AI121,2026-07-17,2026-07-18
2,BOM-BLR,AI,AI121,2026-07-27,2026-07-29
1,BOM-BLR,AI,AI121,2026-07-28,2026-07-29
2,BOM-BLR,AI,AI121,2026-07-31,2026-08-02
1,BOM-BLR,AI,AI121,2026-08-01,2026-08-02
2,BOM-BLR,AI,AI121,2026-08-03,2026-08-05
1,BOM-BLR,AI,AI121,2026-08-04,2026-08-05
1,BOM-BLR,AI,AI121,2026-08-05,2026-08-06
2,BOM-BLR,AI,AI121,2026-08-05,2026-08-07
1,BOM-BLR,AI,AI121,2026-08-06,2026-08-07
1,BOM-BLR,AI,AI121,2026-08-26,2026-08-27
1,BLR-BOM,SG,SG335,2026-06-10,2026-06-11
1,BLR-BOM,SG,SG335,2026-06-13,2026-06-14
2,BLR-BOM,SG,SG335,2026-06-14,2026-06-16
1,BLR-BOM,SG,SG335,2026-06-15,2026-06-16
1,BLR-BOM,SG,SG335,2026-06-20,2026-06-21
2,BLR-BOM,SG,SG335,2026-06-23,2026-06-25
1,BLR-BOM,SG,SG335,2026-06-24,2026-06-25
1,BLR-BOM,SG,SG335,2026-07-01,2026-07-02
2,BLR-BOM,SG,SG335,2026-07-08,2026-07-10
1,BLR-BOM,SG,SG335,2026-07-09,2026-07-10
5,BLR-BOM,SG,SG335,2026-07-15,2026-07-20
1,BLR-BOM,SG,SG335,2026-07-16,2026-07-17
2,BLR-BOM,SG,SG335,2026-07-18,2026-07-20
1,BLR-BOM,SG,SG335,2026-07-19,2026-07-20
2,BLR-BOM,SG,SG335,2026-07-19,2026-07-21
1,BLR-BOM,SG,SG335,2026-07-20,2026-07-21
2,BLR-BOM,SG,SG335,2026-07-26,2026-07-28
1,BLR-BOM,SG,SG335,2026-07-27,2026-07-28
2,BLR-BOM,SG,SG335,2026-07-27,2026-07-29
1,BLR-BOM,SG,SG335,2026-07-28,2026-07-29
1,BLR-BOM,SG,SG335,2026-08-05,2026-08-06
2,BLR-BOM,SG,SG335,2026-08-13,2026-08-15
1,BLR-BOM,SG,SG335,2026-08-14,2026-08-15
2,BLR-BOM,SG,SG335,2026-08-16,2026-08-18
1,BLR-BOM,SG,SG335,2026-08-17,2026-08-18
1,BLR-BOM,SG,SG335,2026-08-19,2026-08-20
2,BLR-BOM,SG,SG335,2026-08-19,2026-08-21
1,BLR-BOM,SG,SG335,2026-08-20,2026-08-21
2,BLR-BOM,SG,SG335,2026-08-21,2026-08-23
1,BLR-BOM,SG,SG335,2026-08-22,2026-08-23
1,BLR-BOM,SG,SG335,2026-08-29,2026-08-30
2,BLR-BOM,SG,SG335,2026-08-29,2026-08-31
1,BLR-BOM,SG,SG335,2026-08-30,2026-08-31
2,BLR-BOM,QP,QP363,2026-06-09,2026-06-11
1,BLR-BOM,QP,QP363,2026-06-10,2026-06-11
1,BLR-BOM,QP,QP363,2026-06-18,2026-06-19
2,BLR-BOM,QP,QP363,2026-06-21,2026-06-23
1,BLR-BOM,QP,QP363,2026-06-22,2026-06-23
2,BLR-BOM,QP,QP363,2026-06-30,2026-07-02
1,BLR-BOM,QP,QP363,2026-07-01,2026-07-02
2,BLR-BOM,QP,QP363,2026-07-02,2026-07-04
1,BLR-BOM,QP,QP363,2026-07-03,2026-07-04
1,BLR-BOM,QP,QP363,2026-07-04,2026-07-05
1,BLR-BOM,QP,QP363,2026-07-05,2026-07-06
2,BLR-BOM,QP,QP363,2026-07-08,2026-07-10
1,BLR-BOM,QP,QP363,2026-07-09,2026-07-10
5,BLR-BOM,QP,QP363,2026-07-21,2026-07-26
2,BLR-BOM,QP,QP363,2026-07-24,2026-07-26
1,BLR-BOM,QP,QP363,2026-07-25,2026-07-26
2,BLR-BOM,QP,QP363,2026-07-27,2026-07-29
1,BLR-BOM,QP,QP363,2026-07-28,2026-07-29
1,BLR-BOM,QP,QP363,2026-08-06,2026-08-07
2,BLR-BOM,QP,QP363,2026-08-15,2026-08-17
1,BLR-BOM,QP,QP363,2026-08-16,2026-08-17
2,BLR-BOM,QP,QP363,2026-08-18,2026-08-20
1,BLR-BOM,QP,QP363,2026-08-19,2026-08-20
2,BLR-BOM,QP,QP363,2026-08-19,2026-08-21
1,BLR-BOM,QP,QP363,2026-08-20,2026-08-21
1,BLR-BOM,QP,QP363,2026-08-25,2026-08-26
1,BLR-BOM,QP,QP363,2026-08-30,2026-08-31
1,BLR-BOM,AI,AI115,2026-06-07,2026-06-08
2,BLR-BOM,AI,AI115,2026-06-08,2026-06-10
1,BLR-BOM,AI,AI115,2026-06-09,2026-06-10
2,BLR-BOM,AI,AI115,2026-06-10,2026-06-12
1,BLR-BOM,AI,AI115,2026-06-11,2026-06-12
2,BLR-BOM,AI,AI115,2026-06-12,2026-06-14
1,BLR-BOM,AI,AI115,2026-06-13,2026-06-14
1,BLR-BOM,AI,AI115,2026-06-25,2026-06-26
1,BLR-BOM,AI,AI115,2026-07-01,2026-07-02
2,BLR-BOM,AI,AI115,2026-07-01,2026-07-03
1,BLR-BOM,AI,AI115,2026-07-02,2026-07-03
2,BLR-BOM,AI,AI115,2026-08-04,2026-08-06
1,BLR-BOM,AI,AI115,2026-08-05,2026-08-06
2,BLR-BOM,AI,AI115,2026-08-05,2026-08-07
1,BLR-BOM,AI,AI115,2026-08-06,2026-08-07
1,BLR-BOM,AI,AI115,2026-08-13,2026-08-14
1,BLR-BOM,AI,AI115,2026-08-19,2026-08-20
1,BLR-BOM,AI,AI115,2026-08-20,2026-08-21
1,BLR-BOM,AI,AI115,2026-08-30,2026-08-31
1,DEL-CCU,6E,6E269,2026-06-08,2026-06-09
2,DEL-CCU,6E,6E269,2026-06-08,2026-06-10
1,DEL-CCU,6E,6E269,2026-06-09,2026-06-10
1,DEL-CCU,6E,6E269,2026-06-17,2026-06-18
2,DEL-CCU,6E,6E269,2026-06-29,2026-07-01
1,DEL-CCU,6E,6E269,2026-06-30,2026-07-01
1,DEL-CCU,6E,6E269,2026-07-02,2026-07-03
2,DEL-CCU,6E,6E269,2026-07-05,2026-07-07
1,DEL-CCU,6E,6E269,2026-07-06,2026-07-07
2,DEL-CCU,6E,6E269,2026-07-10,2026-07-12
1,DEL-CCU,6E,6E269,2026-07-11,2026-07-12
2,DEL-CCU,6E,6E269,2026-07-12,2026-07-14
1,DEL-CCU,6E,6E269,2026-07-13,2026-07-14
2,DEL-CCU,6E,6E269,2026-07-15,2026-07-17
1,DEL-CCU,6E,6E269,2026-07-16,2026-07-17
2,DEL-CCU,6E,6E269,2026-07-19,2026-07-21
1,DEL-CCU,6E,6E269,2026-07-20,2026-07-21
2,DEL-CCU,6E,6E269,2026-08-01,2026-08-03
1,DEL-CCU,6E,6E269,2026-08-02,2026-08-03
2,DEL-CCU,6E,6E269,2026-08-03,2026-08-05
1,DEL-CCU,6E,6E269,2026-08-04,2026-08-05
2,DEL-CCU,6E,6E269,2026-08-05,2026-08-07
1,DEL-CCU,6E,6E269,2026-08-06,2026-08-07
1,DEL-CCU,6E,6E269,2026-08-09,2026-08-10
1,DEL-CCU,6E,6E269,2026-08-14,2026-08-15
2,DEL-CCU,6E,6E269,2026-08-17,2026-08-19
1,DEL-CCU,6E,6E269,2026-08-18,2026-08-19
2,DEL-CCU,6E,6E269,2026-08-19,2026-08-21
1,DEL-CCU,6E,6E269,2026-08-20,2026-08-21
2,DEL-CCU,6E,6E269,2026-08-22,2026-08-24
1,DEL-CCU,6E,6E269,2026-08-23,2026-08-24
1,DEL-CCU,6E,6E269,2026-08-27,2026-08-28
1,DEL-CCU,6E,6E269,2026-09-01,2026-09-02
1,DEL-CCU,AI,AI915,2026-06-08,2026-06-09
1,DEL-CCU,AI,AI915,2026-06-11,2026-06-12
1,DEL-CCU,AI,AI915,2026-06-12,2026-06-13
2,DEL-CCU,AI,AI915,2026-06-27,2026-06-29
1,DEL-CCU,AI,AI915,2026-06-28,2026-06-29
2,DEL-CCU,AI,AI915,2026-07-04,2026-07-06
1,DEL-CCU,AI,AI915,2026-07-05,2026-07-06
2,DEL-CCU,AI,AI915,2026-07-05,2026-07-07
1,DEL-CCU,AI,AI915,2026-07-06,2026-07-07
2,DEL-CCU,AI,AI915,2026-07-14,2026-07-16
1,DEL-CCU,AI,AI915,2026-07-15,2026-07-16
1,DEL-CCU,AI,AI915,2026-07-20,2026-07-21
2,DEL-CCU,AI,AI915,2026-07-21,2026-07-23
1,DEL-CCU,AI,AI915,2026-07-22,2026-07-23
2,DEL-CCU,AI,AI915,2026-07-23,2026-07-25
1,DEL-CCU,AI,AI915,2026-07-24,2026-07-25
1,DEL-CCU,AI,AI915,2026-07-28,2026-07-29
1,DEL-CCU,AI,AI915,2026-08-17,2026-08-18
1,DEL-CCU,AI,AI915,2026-08-20,2026-08-21
2,DEL-CCU,AI,AI915,2026-08-24,2026-08-26
1,DEL-CCU,AI,AI915,2026-08-25,2026-08-26
1,DEL-CCU,AI,AI915,2026-08-26,2026-08-27
1,DEL-CCU,AI,AI915,2026-08-27,2026-08-28
2,DEL-CCU,AI,AI915,2026-08-27,2026-08-29
1,DEL-CCU,AI,AI915,2026-08-28,2026-08-29
2,DEL-CCU,AI,AI915,2026-08-30,2026-09-01
1,DEL-CCU,AI,AI915,2026-08-31,2026-09-01
1,DEL-CCU,SG,SG353,2026-06-07,2026-06-08
2,DEL-CCU,SG,SG353,2026-06-17,2026-06-19
1,DEL-CCU,SG,SG353,2026-06-18,2026-06-19
1,DEL-CCU,SG,SG353,2026-06-19,2026-06-20
1,DEL-CCU,SG,SG353,2026-06-23,2026-06-24
1,DEL-CCU,SG,SG353,2026-07-11,2026-07-12
2,DEL-CCU,SG,SG353,2026-07-23,2026-07-25
1,DEL-CCU,SG,SG353,2026-07-24,2026-07-25
2,DEL-CCU,SG,SG353,2026-07-24,2026-07-26
1,DEL-CCU,SG,SG353,2026-07-25,2026-07-26
2,DEL-CCU,SG,SG353,2026-07-28,2026-07-30
1,DEL-CCU,SG,SG353,2026-07-29,2026-07-30
2,DEL-CCU,SG,SG353,2026-07-31,2026-08-02
1,DEL-CCU,SG,SG353,2026-08-01,2026-08-02
1,DEL-CCU,SG,SG353,2026-08-05,2026-08-06
1,DEL-CCU,IX,IX477,2026-06-06,2026-06-07
2,DEL-CCU,IX,IX477,2026-06-09,2026-06-11
1,DEL-CCU,IX,IX477,2026-06-10,2026-06-11
1,DEL-CCU,IX,IX477,2026-06-12,2026-06-13
1,DEL-CCU,IX,IX477,2026-06-29,2026-06-30
2,DEL-CCU,IX,IX477,2026-07-10,2026-07-12
1,DEL-CCU,IX,IX477,2026-07-11,2026-07-12
1,DEL-CCU,IX,IX477,2026-07-20,2026-07-21
2,DEL-CCU,IX,IX477,2026-07-21,2026-07-23
1,DEL-CCU,IX,IX477,2026-07-22,2026-07-23
1,DEL-CCU,IX,IX477,2026-07-25,2026-07-26
1,DEL-CCU,IX,IX477,2026-07-26,2026-07-27
1,DEL-CCU,IX,IX477,2026-08-18,2026-08-19
1,DEL-CCU,IX,IX477,2026-08-20,2026-08-21
2,DEL-CCU,IX,IX477,2026-08-21,2026-08-23
1,DEL-CCU,IX,IX477,2026-08-22,2026-08-23
2,DEL-CCU,IX,IX477,2026-08-24,2026-08-26
1,DEL-CCU,IX,IX477,2026-08-25,2026-08-26
2,DEL-CCU,IX,IX477,2026-08-26,2026-08-28
1,DEL-CCU,IX,IX477,2026-08-27,2026-08-28
2,DEL-CCU,IX,IX477,2026-08-27,2026-08-29
1,DEL-CCU,IX,IX477,2026-08-28,2026-08-29
1,DEL-CCU,IX,IX477,2026-09-01,2026-09-02
1,DEL-CCU,QP,QP386,2026-06-09,2026-06-10
1,DEL-CCU,QP,QP386,2026-06-23,2026-06-24
2,DEL-CCU,QP,QP386,2026-06-26,2026-06-28
1,DEL-CCU,QP,QP386,2026-06-27,2026-06-28
2,DEL-CCU,QP,QP386,2026-06-27,2026-06-29
1,DEL-CCU,QP,QP386,2026-06-28,2026-06-29
2,DEL-CCU,QP,QP386,2026-07-01,2026-07-03
1,DEL-CCU,QP,QP386,2026-07-02,2026-07-03
1,DEL-CCU,QP,QP386,2026-07-22,2026-07-23
1,DEL-CCU,QP,QP386,2026-07-27,2026-07-28
1,DEL-CCU,QP,QP386,2026-07-30,2026-07-31
2,DEL-CCU,QP,QP386,2026-07-30,2026-08-01
1,DEL-CCU,QP,QP386,2026-07-31,2026-08-01
2,DEL-CCU,QP,QP386,2026-08-02,2026-08-04
1,DEL-CCU,QP,QP386,2026-08-03,2026-08-04
1,DEL-CCU,QP,QP386,2026-08-05,2026-08-06
1,DEL-CCU,QP,QP386,2026-08-07,2026-08-08
1,DEL-CCU,QP,QP386,2026-08-11,2026-08-12
2,DEL-CCU,QP,QP386,2026-08-12,2026-08-14
1,DEL-CCU,QP,QP386,2026-08-13,2026-08-14
2,DEL-CCU,QP,QP386,2026-08-21,2026-08-23
1,DEL-CCU,QP,QP386,2026-08-22,2026-08-23
2,DEL-CCU,QP,QP386,2026-08-25,2026-08-27
1,DEL-CCU,QP,QP386,2026-08-26,2026-08-27
1,DEL-CCU,QP,QP386,2026-08-29,2026-08-30
2,DEL-CCU,QP,QP386,2026-08-30,2026-09-01
1,DEL-CCU,QP,QP386,2026-08-31,2026-09-01
2,CCU-DEL,6E,6E251,2026-06-08,2026-06-10
1,CCU-DEL,6E,6E251,2026-06-09,2026-06-10
2,CCU-DEL,6E,6E251,2026-06-11,2026-06-13
1,CCU-DEL,6E,6E251,2026-06-12,2026-06-13
1,CCU-DEL,6E,6E251,2026-06-14,2026-06-15
1,CCU-DEL,6E,6E251,2026-06-30,2026-07-01
1,CCU-DEL,6E,6E251,2026-07-02,2026-07-03
2,CCU-DEL,6E,6E251,2026-07-09,2026-07-11
1,CCU-DEL,6E,6E251,2026-07-10,2026-07-11
2,CCU-DEL,6E,6E251,2026-07-16,2026-07-18
1,CCU-DEL,6E,6E251,2026-07-17,2026-07-18
1,CCU-DEL,6E,6E251,2026-07-21,2026-07-22
2,CCU-DEL,6E,6E251,2026-07-21,2026-07-23
1,CCU-DEL,6E,6E251,2026-07-22,2026-07-23
1,CCU-DEL,6E,6E251,2026-07-28,2026-07-29
1,CCU-DEL,6E,6E251,2026-08-01,2026-08-02
5,CCU-DEL,6E,6E251,2026-08-02,2026-08-07
2,CCU-DEL,6E,6E251,2026-08-04,2026-08-06
1,CCU-DEL,6E,6E251,2026-08-05,2026-08-06
2,CCU-DEL,6E,6E251,2026-08-05,2026-08-07
1,CCU-DEL,6E,6E251,2026-08-06,2026-08-07
1,CCU-DEL,6E,6E251,2026-08-10,2026-08-11
2,CCU-DEL,6E,6E251,2026-08-13,2026-08-15
1,CCU-DEL,6E,6E251,2026-08-14,2026-08-15
1,CCU-DEL,6E,6E251,2026-08-17,2026-08-18
2,CCU-DEL,6E,6E251,2026-08-20,2026-08-22
1,CCU-DEL,6E,6E251,2026-08-21,2026-08-22
2,CCU-DEL,6E,6E251,2026-08-24,2026-08-26
1,CCU-DEL,6E,6E251,2026-08-25,2026-08-26
2,CCU-DEL,6E,6E251,2026-08-31,2026-09-02
1,CCU-DEL,6E,6E251,2026-09-01,2026-09-02
2,CCU-DEL,6E,6E251,2026-09-01,2026-09-03
1,CCU-DEL,6E,6E251,2026-09-02,2026-09-03
1,CCU-DEL,AI,AI677,2026-06-06,2026-06-07
1,CCU-DEL,AI,AI677,2026-06-10,2026-06-11
1,CCU-DEL,AI,AI677,2026-06-24,2026-06-25
2,CCU-DEL,AI,AI677,2026-06-24,2026-06-26
1,CCU-DEL,AI,AI677,2026-06-25,2026-06-26
2,CCU-DEL,AI,AI677,2026-07-02,2026-07-04
1,CCU-DEL,AI,AI677,2026-07-03,2026-07-04
1,CCU-DEL,AI,AI677,2026-07-08,2026-07-09
1,CCU-DEL,AI,AI677,2026-07-19,2026-07-20
2,CCU-DEL,AI,AI677,2026-07-24,2026-07-26
1,CCU-DEL,AI,AI677,2026-07-25,2026-07-26
2,CCU-DEL,AI,AI677,2026-07-30,2026-08-01
1,CCU-DEL,AI,AI677,2026-07-31,2026-08-01
1,CCU-DEL,AI,AI677,2026-08-10,2026-08-11
2,CCU-DEL,AI,AI677,2026-08-12,2026-08-14
1,CCU-DEL,AI,AI677,2026-08-13,2026-08-14
2,CCU-DEL,AI,AI677,2026-08-24,2026-08-26
1,CCU-DEL,AI,AI677,2026-08-25,2026-08-26
1,CCU-DEL,AI,AI677,2026-08-26,2026-08-27
1,CCU-DEL,AI,AI677,2026-08-27,2026-08-28
1,CCU-DEL,AI,AI677,2026-08-28,2026-08-29
2,CCU-DEL,AI,AI677,2026-08-29,2026-08-31
1,CCU-DEL,AI,AI677,2026-08-30,2026-08-31
1,CCU-DEL,AI,AI677,2026-08-31,2026-09-01
1,CCU-DEL,QP,QP587,2026-06-06,2026-06-07
2,CCU-DEL,QP,QP587,2026-06-06,2026-06-08
1,CCU-DEL,QP,QP587,2026-06-07,2026-06-08
2,CCU-DEL,QP,QP587,2026-06-18,2026-06-20
1,CCU-DEL,QP,QP587,2026-06-19,2026-06-20
2,CCU-DEL,QP,QP587,2026-07-01,2026-07-03
1,CCU-DEL,QP,QP587,2026-07-02,2026-07-03
5,CCU-DEL,QP,QP587,2026-07-10,2026-07-15
2,CCU-DEL,QP,QP587,2026-07-13,2026-07-15
1,CCU-DEL,QP,QP587,2026-07-14,2026-07-15
2,CCU-DEL,QP,QP587,2026-07-17,2026-07-19
1,CCU-DEL,QP,QP587,2026-07-18,2026-07-19
1,CCU-DEL,QP,QP587,2026-07-20,2026-07-21
1,CCU-DEL,QP,QP587,2026-07-22,2026-07-23
2,CCU-DEL,QP,QP587,2026-08-10,2026-08-12
1,CCU-DEL,QP,QP587,2026-08-11,2026-08-12
1,CCU-DEL,QP,QP587,2026-08-12,2026-08-13
2,CCU-DEL,QP,QP587,2026-08-16,2026-08-18
1,CCU-DEL,QP,QP587,2026-08-17,2026-08-18
2,CCU-DEL,QP,QP587,2026-08-18,2026-08-20
1,CCU-DEL,QP,QP587,2026-08-19,2026-08-20
2,CCU-DEL,QP,QP587,2026-08-19,2026-08-21
1,CCU-DEL,QP,QP587,2026-08-20,2026-08-21
2,CCU-DEL,QP,QP587,2026-08-21,2026-08-23
1,CCU-DEL,QP,QP587,2026-08-22,2026-08-23
1,CCU-DEL,QP,QP587,2026-08-23,2026-08-24
2,CCU-DEL,QP,QP587,2026-08-29,2026-08-31
1,CCU-DEL,QP,QP587,2026-08-30,2026-08-31
2,BLR-HYD,AI,AI164,2026-06-12,2026-06-14
1,BLR-HYD,AI,AI164,2026-06-13,2026-06-14
2,BLR-HYD,AI,AI164,2026-06-13,2026-06-15
1,BLR-HYD,AI,AI164,2026-06-14,2026-06-15
1,BLR-HYD,AI,AI164,2026-06-15,2026-06-16
1,BLR-HYD,AI,AI164,2026-06-18,2026-06-19
2,BLR-HYD,AI,AI164,2026-06-19,2026-06-21
1,BLR-HYD,AI,AI164,2026-06-20,2026-06-21
2,BLR-HYD,AI,AI164,2026-06-21,2026-06-23
1,BLR-HYD,AI,AI164,2026-06-22,2026-06-23
1,BLR-HYD,AI,AI164,2026-07-03,2026-07-04
1,BLR-HYD,AI,AI164,2026-07-04,2026-07-05
1,BLR-HYD,AI,AI164,2026-07-10,2026-07-11
2,BLR-HYD,AI,AI164,2026-07-10,2026-07-12
1,BLR-HYD,AI,AI164,2026-07-11,2026-07-12
1,BLR-HYD,AI,AI164,2026-07-15,2026-07-16
2,BLR-HYD,AI,AI164,2026-07-15,2026-07-17
1,BLR-HYD,AI,AI164,2026-07-16,2026-07-17
5,BLR-HYD,AI,AI164,2026-07-17,2026-07-22
1,BLR-HYD,AI,AI164,2026-07-20,2026-07-21
2,BLR-HYD,AI,AI164,2026-07-20,2026-07-22
1,BLR-HYD,AI,AI164,2026-07-21,2026-07-22
2,BLR-HYD,AI,AI164,2026-07-22,2026-07-24
1,BLR-HYD,AI,AI164,2026-07-23,2026-07-24
2,BLR-HYD,AI,AI164,2026-07-26,2026-07-28
1,BLR-HYD,AI,AI164,2026-07-27,2026-07-28
2,BLR-HYD,AI,AI164,2026-08-01,2026-08-03
1,BLR-HYD,AI,AI164,2026-08-02,2026-08-03
1,BLR-HYD,AI,AI164,2026-08-05,2026-08-06
2,BLR-HYD,AI,AI164,2026-08-06,2026-08-08
1,BLR-HYD,AI,AI164,2026-08-07,2026-08-08
1,BLR-HYD,AI,AI164,2026-08-14,2026-08-15
1,BLR-HYD,AI,AI164,2026-08-15,2026-08-16
1,BLR-HYD,AI,AI164,2026-08-20,2026-08-21
1,BLR-HYD,AI,AI164,2026-08-25,2026-08-26
2,BLR-HYD,AI,AI164,2026-09-02,2026-09-04
1,BLR-HYD,AI,AI164,2026-09-03,2026-09-04
1,BLR-HYD,QP,QP689,2026-06-10,2026-06-11
1,BLR-HYD,QP,QP689,2026-06-12,2026-06-13
2,BLR-HYD,QP,QP689,2026-06-16,2026-06-18
1,BLR-HYD,QP,QP689,2026-06-17,2026-06-18
2,BLR-HYD,QP,QP689,2026-06-28,2026-06-30
1,BLR-HYD,QP,QP689,2026-06-29,2026-06-30
1,BLR-HYD,QP,QP689,2026-07-03,2026-07-04
2,BLR-HYD,QP,QP689,2026-07-13,2026-07-15
1,BLR-HYD,QP,QP689,2026-07-14,2026-07-15
1,BLR-HYD,QP,QP689,2026-07-16,2026-07-17
2,BLR-HYD,QP,QP689,2026-07-28,2026-07-30
1,BLR-HYD,QP,QP689,2026-07-29,2026-07-30
5,BLR-HYD,QP,QP689,2026-07-29,2026-08-03
1,BLR-HYD,QP,QP689,2026-07-31,2026-08-01
2,BLR-HYD,QP,QP689,2026-08-01,2026-08-03
1,BLR-HYD,QP,QP689,2026-08-02,2026-08-03
2,BLR-HYD,QP,QP689,2026-08-02,2026-08-04
1,BLR-HYD,QP,QP689,2026-08-03,2026-08-04
2,BLR-HYD,QP,QP689,2026-08-05,2026-08-07
1,BLR-HYD,QP,QP689,2026-08-06,2026-08-07
2,BLR-HYD,QP,QP689,2026-08-06,2026-08-08
1,BLR-HYD,QP,QP689,2026-08-07,2026-08-08
1,BLR-HYD,QP,QP689,2026-08-14,2026-08-15
1,BLR-HYD,QP,QP689,2026-08-15,2026-08-16
1,BLR-HYD,QP,QP689,2026-08-18,2026-08-19
2,BLR-HYD,QP,QP689,2026-08-20,2026-08-22
1,BLR-HYD,QP,QP689,2026-08-21,2026-08-22
2,BLR-HYD,QP,QP689,2026-08-22,2026-08-24
5,BLR-HYD,QP,QP689,2026-08-22,2026-08-27
1,BLR-HYD,QP,QP689,2026-08-23,2026-08-24
1,BLR-HYD,QP,QP689,2026-08-25,2026-08-26
2,BLR-HYD,QP,QP689,2026-08-25,2026-08-27
1,BLR-HYD,QP,QP689,2026-08-26,2026-08-27
2,BLR-HYD,QP,QP689,2026-08-28,2026-08-30
1,BLR-HYD,QP,QP689,2026-08-29,2026-08-30
2,BLR-HYD,QP,QP689,2026-08-29,2026-08-31
1,BLR-HYD,QP,QP689,2026-08-30,2026-08-31
2,BLR-HYD,QP,QP689,2026-09-02,2026-09-04
1,BLR-HYD,QP,QP689,2026-09-03,2026-09-04
1,BLR-HYD,SG,SG813,2026-06-06,2026-06-07
2,BLR-HYD,SG,SG813,2026-06-09,2026-06-11
1,BLR-HYD,SG,SG813,2026-06-10,2026-06-11
2,BLR-HYD,SG,SG813,2026-06-20,2026-06-22
1,BLR-HYD,SG,SG813,2026-06-21,2026-06-22
2,BLR-HYD,SG,SG813,2026-06-21,2026-06-23
1,BLR-HYD,SG,SG813,2026-06-22,2026-06-23
1,BLR-HYD,SG,SG813,2026-06-25,2026-06-26
1,BLR-HYD,SG,SG813,2026-06-28,2026-06-29
2,BLR-HYD,SG,SG813,2026-07-01,2026-07-03
1,BLR-HYD,SG,SG813,2026-07-02,2026-07-03
2,BLR-HYD,SG,SG813,2026-07-04,2026-07-06
1,BLR-HYD,SG,SG813,2026-07-05,2026-07-06
2,BLR-HYD,SG,SG813,2026-07-07,2026-07-09
1,BLR-HYD,SG,SG813,2026-07-08,2026-07-09
2,BLR-HYD,SG,SG813,2026-07-15,2026-07-17
1,BLR-HYD,SG,SG813,2026-07-16,2026-07-17
1,BLR-HYD,SG,SG813,2026-07-26,2026-07-27
1,BLR-HYD,SG,SG813,2026-08-03,2026-08-04
1,BLR-HYD,SG,SG813,2026-08-06,2026-08-07
1,BLR-HYD,SG,SG813,2026-08-16,2026-08-17
2,BLR-HYD,SG,SG813,2026-08-17,2026-08-19
1,BLR-HYD,SG,SG813,2026-08-18,2026-08-19
1,BLR-HYD,SG,SG813,2026-08-20,2026-08-21
1,BLR-HYD,SG,SG813,2026-09-02,2026-09-03
2,HYD-BLR,6E,6E406,2026-06-06,2026-06-08
1,HYD-BLR,6E,6E406,2026-06-07,2026-06-08
1,HYD-BLR,6E,6E406,2026-06-10,2026-06-11
1,HYD-BLR,6E,6E406,2026-06-17,2026-06-18
1,HYD-BLR,6E,6E406,2026-06-18,2026-06-19
5,HYD-BLR,6E,6E406,2026-06-30,2026-07-05
2,HYD-BLR,6E,6E406,2026-07-03,2026-07-05
1,HYD-BLR,6E,6E406,2026-07-04,2026-07-05
2,HYD-BLR,6E,6E406,2026-07-06,2026-07-08
1,HYD-BLR,6E,6E406,2026-07-07,2026-07-08
1,HYD-BLR,6E,6E406,2026-07-09,2026-07-10
5,HYD-BLR,6E,6E406,2026-07-30,2026-08-04
2,HYD-BLR,6E,6E406,2026-08-02,2026-08-04
1,HYD-BLR,6E,6E406,2026-08-03,2026-08-04
1,HYD-BLR,6E,6E406,2026-08-13,2026-08-14
2,HYD-BLR,6E,6E406,2026-08-13,2026-08-15
1,HYD-BLR,6E,6E406,2026-08-14,2026-08-15
2,HYD-BLR,6E,6E406,2026-08-14,2026-08-16
1,HYD-BLR,6E,6E406,2026-08-15,2026-08-16
1,HYD-BLR,6E,6E406,2026-08-19,2026-08-20
2,HYD-BLR,6E,6E406,2026-09-01,2026-09-03
1,HYD-BLR,6E,6E406,2026-09-02,2026-09-03
2,HYD-BLR,SG,SG708,2026-06-06,2026-06-08
1,HYD-BLR,SG,SG708,2026-06-07,2026-06-08
2,HYD-BLR,SG,SG708,2026-06-09,2026-06-11
1,HYD-BLR,SG,SG708,2026-06-10,2026-06-11
2,HYD-BLR,SG,SG708,2026-06-17,2026-06-19
1,HYD-BLR,SG,SG708,2026-06-18,2026-06-19
1,HYD-BLR,SG,SG708,2026-06-20,2026-06-21
2,HYD-BLR,SG,SG708,2026-06-28,2026-06-30
1,HYD-BLR,SG,SG708,2026-06-29,2026-06-30
1,HYD-BLR,SG,SG708,2026-07-03,2026-07-04
1,HYD-BLR,SG,SG708,2026-07-04,2026-07-05
2,HYD-BLR,SG,SG708,2026-07-16,2026-07-18
1,HYD-BLR,SG,SG708,2026-07-17,2026-07-18
1,HYD-BLR,SG,SG708,2026-07-18,2026-07-19
2,HYD-BLR,SG,SG708,2026-07-20,2026-07-22
1,HYD-BLR,SG,SG708,2026-07-21,2026-07-22
1,HYD-BLR,SG,SG708,2026-07-22,2026-07-23
1,HYD-BLR,SG,SG708,2026-07-24,2026-07-25
5,HYD-BLR,SG,SG708,2026-07-24,2026-07-29
2,HYD-BLR,SG,SG708,2026-07-26,2026-07-28
1,HYD-BLR,SG,SG708,2026-07-27,2026-07-28
2,HYD-BLR,SG,SG708,2026-07-27,2026-07-29
1,HYD-BLR,SG,SG708,2026-07-28,2026-07-29
2,HYD-BLR,SG,SG708,2026-07-31,2026-08-02
1,HYD-BLR,SG,SG708,2026-08-01,2026-08-02
2,HYD-BLR,SG,SG708,2026-08-03,2026-08-05
1,HYD-BLR,SG,SG708,2026-08-04,2026-08-05
2,HYD-BLR,SG,SG708,2026-08-10,2026-08-12
1,HYD-BLR,SG,SG708,2026-08-11,2026-08-12
2,HYD-BLR,SG,SG708,2026-08-12,2026-08-14
1,HYD-BLR,SG,SG708,2026-08-13,2026-08-14
2,HYD-BLR,SG,SG708,2026-08-16,2026-08-18
1,HYD-BLR,SG,SG708,2026-08-17,2026-08-18
2,HYD-BLR,SG,SG708,2026-08-17,2026-08-19
1,HYD-BLR,SG,SG708,2026-08-18,2026-08-19
1,HYD-BLR,SG,SG708,2026-08-19,2026-08-20
2,HYD-BLR,SG,SG708,2026-08-25,2026-08-27
1,HYD-BLR,SG,SG708,2026-08-26,2026-08-27
1,HYD-BLR,SG,SG708,2026-08-27,2026-08-28
1,HYD-BLR,SG,SG708,2026-09-03,2026-09-04
1,HYD-BLR,AI,AI270,2026-06-06,2026-06-07
1,HYD-BLR,AI,AI270,2026-06-12,2026-06-13
2,HYD-BLR,AI,AI270,2026-06-16,2026-06-18
1,HYD-BLR,AI,AI270,2026-06-17,2026-06-18
2,HYD-BLR,AI,AI270,2026-06-17,2026-06-19
1,HYD-BLR,AI,AI270,2026-06-18,2026-06-19
1,HYD-BLR,AI,AI270,2026-06-22,2026-06-23
2,HYD-BLR,AI,AI270,2026-06-30,2026-07-02
1,HYD-BLR,AI,AI270,2026-07-01,2026-07-02
2,HYD-BLR,AI,AI270,2026-07-02,2026-07-04
1,HYD-BLR,AI,AI270,2026-07-03,2026-07-04
2,HYD-BLR,AI,AI270,2026-07-03,2026-07-05
1,HYD-BLR,AI,AI270,2026-07-04,2026-07-05
2,HYD-BLR,AI,AI270,2026-07-10,2026-07-12
1,HYD-BLR,AI,AI270,2026-07-11,2026-07-12
2,HYD-BLR,AI,AI270,2026-07-15,2026-07-17
1,HYD-BLR,AI,AI270,2026-07-16,2026-07-17
2,HYD-BLR,AI,AI270,2026-07-22,2026-07-24
1,HYD-BLR,AI,AI270,2026-07-23,2026-07-24
2,HYD-BLR,AI,AI270,2026-08-03,2026-08-05
1,HYD-BLR,AI,AI270,2026-08-04,2026-08-05
2,HYD-BLR,AI,AI270,2026-08-06,2026-08-08
1,HYD-BLR,AI,AI270,2026-08-07,2026-08-08
2,HYD-BLR,AI,AI270,2026-08-08,2026-08-10
1,HYD-BLR,AI,AI270,2026-08-09,2026-08-10
2,HYD-BLR,AI,AI270,2026-08-09,2026-08-11
1,HYD-BLR,AI,AI270,2026-08-10,2026-08-11
2,HYD-BLR,AI,AI270,2026-08-14,2026-08-16
1,HYD-BLR,AI,AI270,2026-08-15,2026-08-16
2,HYD-BLR,AI,AI270,2026-08-17,2026-08-19
1,HYD-BLR,AI,AI270,2026-08-18,2026-08-19
1,HYD-BLR,AI,AI270,2026-08-20,2026-08-21
2,HYD-BLR,AI,AI270,2026-08-24,2026-08-26
1,HYD-BLR,AI,AI270,2026-08-25,2026-08-26
1,HYD-BLR,AI,AI270,2026-08-27,2026-08-28
1,HYD-BLR,AI,AI270,2026-08-30,2026-08-31
2,HYD-BLR,AI,AI270,2026-08-31,2026-09-02
1,HYD-BLR,AI,AI270,2026-09-01,2026-09-02
1,HYD-BLR,AI,AI270,2026-09-02,2026-09-03
2,HYD-BLR,IX,IX574,2026-06-07,2026-06-09
1,HYD-BLR,IX,IX574,2026-06-08,2026-06-09
1,HYD-BLR,IX,IX574,2026-06-14,2026-06-15
1,HYD-BLR,IX,IX574,2026-06-28,2026-06-29
2,HYD-BLR,IX,IX574,2026-07-01,2026-07-03
1,HYD-BLR,IX,IX574,2026-07-02,2026-07-03
1,HYD-BLR,IX,IX574,2026-07-03,2026-07-04
2,HYD-BLR,IX,IX574,2026-07-03,2026-07-05
5,HYD-BLR,IX,IX574,2026-07-03,2026-07-08
1,HYD-BLR,IX,IX574,2026-07-04,2026-07-05
1,HYD-BLR,IX,IX574,2026-07-06,2026-07-07
2,HYD-BLR,IX,IX574,2026-07-06,2026-07-08
1,HYD-BLR,IX,IX574,2026-07-07,2026-07-08
1,HYD-BLR,IX,IX574,2026-07-08,2026-07-09
1,HYD-BLR,IX,IX574,2026-07-09,2026-07-10
2,HYD-BLR,IX,IX574,2026-07-19,2026-07-21
1,HYD-BLR,IX,IX574,2026-07-20,2026-07-21
2,HYD-BLR,IX,IX574,2026-07-20,2026-07-22
1,HYD-BLR,IX,IX574,2026-07-21,2026-07-22
1,HYD-BLR,IX,IX574,2026-07-27,2026-07-28
2,HYD-BLR,IX,IX574,2026-07-27,2026-07-29
1,HYD-BLR,IX,IX574,2026-07-28,2026-07-29
2,HYD-BLR,IX,IX574,2026-08-05,2026-08-07
1,HYD-BLR,IX,IX574,2026-08-06,2026-08-07
2,HYD-BLR,IX,IX574,2026-08-12,2026-08-14
1,HYD-BLR,IX,IX574,2026-08-13,2026-08-14
2,HYD-BLR,IX,IX574,2026-08-24,2026-08-26
1,HYD-BLR,IX,IX574,2026-08-25,2026-08-26
2,HYD-BLR,IX,IX574,2026-08-25,2026-08-27
1,HYD-BLR,IX,IX574,2026-08-26,2026-08-27
2,HYD-BLR,IX,IX574,2026-08-28,2026-08-30
1,HYD-BLR,IX,IX574,2026-08-29,2026-08-30
2,HYD-BLR,IX,IX574,2026-08-29,2026-08-31
1,HYD-BLR,IX,IX574,2026-08-30,2026-08-31
1,HYD-BLR,IX,IX574,2026-09-01,2026-09-02
2,HYD-BLR,QP,QP761,2026-06-07,2026-06-09
1,HYD-BLR,QP,QP761,2026-06-08,2026-06-09
2,HYD-BLR,QP,QP761,2026-06-11,2026-06-13
1,HYD-BLR,QP,QP761,2026-06-12,2026-06-13
1,HYD-BLR,QP,QP761,2026-06-24,2026-06-25
1,HYD-BLR,QP,QP761,2026-06-29,2026-06-30
1,HYD-BLR,QP,QP761,2026-06-30,2026-07-01
2,HYD-BLR,QP,QP761,2026-06-30,2026-07-02
1,HYD-BLR,QP,QP761,2026-07-01,2026-07-02
2,HYD-BLR,QP,QP761,2026-07-05,2026-07-07
1,HYD-BLR,QP,QP761,2026-07-06,2026-07-07
5,HYD-BLR,QP,QP761,2026-07-06,2026-07-11
2,HYD-BLR,QP,QP761,2026-07-09,2026-07-11
1,HYD-BLR,QP,QP761,2026-07-10,2026-07-11
2,HYD-BLR,QP,QP761,2026-07-10,2026-07-12
1,HYD-BLR,QP,QP761,2026-07-11,2026-07-12
2,HYD-BLR,QP,QP761,2026-07-13,2026-07-15
1,HYD-BLR,QP,QP761,2026-07-14,2026-07-15
2,HYD-BLR,QP,QP761,2026-07-17,2026-07-19
1,HYD-BLR,QP,QP761,2026-07-18,2026-07-19
1,HYD-BLR,QP,QP761,2026-07-23,2026-07-24
1,HYD-BLR,QP,QP761,2026-07-28,2026-07-29
2,HYD-BLR,QP,QP761,2026-08-01,2026-08-03
1,HYD-BLR,QP,QP761,2026-08-02,2026-08-03
2,HYD-BLR,QP,QP761,2026-08-08,2026-08-10
1,HYD-BLR,QP,QP761,2026-08-09,2026-08-10
1,HYD-BLR,QP,QP761,2026-08-11,2026-08-12
1,HYD-BLR,QP,QP761,2026-08-19,2026-08-20
1,HYD-BLR,QP,QP761,2026-08-23,2026-08-24
1,HYD-BLR,QP,QP761,2026-08-28,2026-08-29
2,HYD-BLR,QP,QP761,2026-08-29,2026-08-31
1,HYD-BLR,QP,QP761,2026-08-30,2026-08-31
1,DEL-MAA,IX,IX519,2026-06-07,2026-06-08
1,DEL-MAA,IX,IX519,2026-06-10,2026-06-11
2,DEL-MAA,IX,IX519,2026-06-12,2026-06-14
1,DEL-MAA,IX,IX519,2026-06-13,2026-06-14
2,DEL-MAA,IX,IX519,2026-06-16,2026-06-18
1,DEL-MAA,IX,IX519,2026-06-17,2026-06-18
2,DEL-MAA,IX,IX519,2026-06-17,2026-06-19
1,DEL-MAA,IX,IX519,2026-06-18,2026-06-19
5,DEL-MAA,IX,IX519,2026-06-18,2026-06-23
2,DEL-MAA,IX,IX519,2026-06-20,2026-06-22
1,DEL-MAA,IX,IX519,2026-06-21,2026-06-22
2,DEL-MAA,IX,IX519,2026-06-21,2026-06-23
1,DEL-MAA,IX,IX519,2026-06-22,2026-06-23
1,DEL-MAA,IX,IX519,2026-07-04,2026-07-05
2,DEL-MAA,IX,IX519,2026-07-07,2026-07-09
1,DEL-MAA,IX,IX519,2026-07-08,2026-07-09
1,DEL-MAA,IX,IX519,2026-07-10,2026-07-11
1,DEL-MAA,IX,IX519,2026-07-22,2026-07-23
1,DEL-MAA,IX,IX519,2026-07-27,2026-07-28
2,DEL-MAA,IX,IX519,2026-07-30,2026-08-01
1,DEL-MAA,IX,IX519,2026-07-31,2026-08-01
1,DEL-MAA,IX,IX519,2026-08-04,2026-08-05
2,DEL-MAA,IX,IX519,2026-08-12,2026-08-14
1,DEL-MAA,IX,IX519,2026-08-13,2026-08-14
1,DEL-MAA,IX,IX519,2026-08-17,2026-08-18
2,DEL-MAA,IX,IX519,2026-08-17,2026-08-19
1,DEL-MAA,IX,IX519,2026-08-18,2026-08-19
2,DEL-MAA,IX,IX519,2026-08-21,2026-08-23
1,DEL-MAA,IX,IX519,2026-08-22,2026-08-23
2,DEL-MAA,IX,IX519,2026-08-23,2026-08-25
1,DEL-MAA,IX,IX519,2026-08-24,2026-08-25
1,DEL-MAA,IX,IX519,2026-08-27,2026-08-28
2,DEL-MAA,AI,AI789,2026-06-07,2026-06-09
1,DEL-MAA,AI,AI789,2026-06-08,2026-06-09
2,DEL-MAA,AI,AI789,2026-06-09,2026-06-11
1,DEL-MAA,AI,AI789,2026-06-10,2026-06-11
1,DEL-MAA,AI,AI789,2026-06-13,2026-06-14
2,DEL-MAA,AI,AI789,2026-06-14,2026-06-16
1,DEL-MAA,AI,AI789,2026-06-15,2026-06-16
2,DEL-MAA,AI,AI789,2026-06-15,2026-06-17
1,DEL-MAA,AI,AI789,2026-06-16,2026-06-17
2,DEL-MAA,AI,AI789,2026-06-29,2026-07-01
1,DEL-MAA,AI,AI789,2026-06-30,2026-07-01
5,DEL-MAA,AI,AI789,2026-07-12,2026-07-17
2,DEL-MAA,AI,AI789,2026-07-13,2026-07-15
1,DEL-MAA,AI,AI789,2026-07-14,2026-07-15
2,DEL-MAA,AI,AI789,2026-07-15,2026-07-17
1,DEL-MAA,AI,AI789,2026-07-16,2026-07-17
2,DEL-MAA,AI,AI789,2026-07-17,2026-07-19
1,DEL-MAA,AI,AI789,2026-07-18,2026-07-19
1,DEL-MAA,AI,AI789,2026-07-28,2026-07-29
5,DEL-MAA,AI,AI789,2026-08-04,2026-08-09
2,DEL-MAA,AI,AI789,2026-08-07,2026-08-09
1,DEL-MAA,AI,AI789,2026-08-08,2026-08-09
2,DEL-MAA,AI,AI789,2026-08-09,2026-08-11
1,DEL-MAA,AI,AI789,2026-08-10,2026-08-11
1,DEL-MAA,AI,AI789,2026-08-13,2026-08-14
2,DEL-MAA,AI,AI789,2026-08-18,2026-08-20
1,DEL-MAA,AI,AI789,2026-08-19,2026-08-20
1,DEL-MAA,AI,AI789,2026-08-24,2026-08-25
2,DEL-MAA,AI,AI789,2026-08-26,2026-08-28
1,DEL-MAA,AI,AI789,2026-08-27,2026-08-28
1,DEL-MAA,QP,QP405,2026-06-07,2026-06-08
2,DEL-MAA,QP,QP405,2026-06-07,2026-06-09
1,DEL-MAA,QP,QP405,2026-06-08,2026-06-09
2,DEL-MAA,QP,QP405,2026-06-09,2026-06-11
1,DEL-MAA,QP,QP405,2026-06-10,2026-06-11
2,DEL-MAA,QP,QP405,2026-06-14,2026-06-16
1,DEL-MAA,QP,QP405,2026-06-15,2026-06-16
2,DEL-MAA,QP,QP405,2026-06-20,2026-06-22
1,DEL-MAA,QP,QP405,2026-06-21,2026-06-22
5,DEL-MAA,QP,QP405,2026-06-21,2026-06-26
2,DEL-MAA,QP,QP405,2026-06-24,2026-06-26
1,DEL-MAA,QP,QP405,2026-06-25,2026-06-26
1,DEL-MAA,QP,QP405,2026-06-26,2026-06-27
1,DEL-MAA,QP,QP405,2026-06-28,2026-06-29
2,DEL-MAA,QP,QP405,2026-06-28,2026-06-30
1,DEL-MAA,QP,QP405,2026-06-29,2026-06-30
2,DEL-MAA,QP,QP405,2026-07-07,2026-07-09
1,DEL-MAA,QP,QP405,2026-07-08,2026-07-09
2,DEL-MAA,QP,QP405,2026-07-11,2026-07-13
1,DEL-MAA,QP,QP405,2026-07-12,2026-07-13
1,DEL-MAA,QP,QP405,2026-07-29,2026-07-30
1,DEL-MAA,QP,QP405,2026-07-31,2026-08-01
1,DEL-MAA,QP,QP405,2026-08-02,2026-08-03
2,DEL-MAA,QP,QP405,2026-08-07,2026-08-09
1,DEL-MAA,QP,QP405,2026-08-08,2026-08-09
1,DEL-MAA,QP,QP405,2026-08-10,2026-08-11
1,DEL-MAA,QP,QP405,2026-08-19,2026-08-20
1,DEL-MAA,QP,QP405,2026-08-30,2026-08-31
2,DEL-MAA,6E,6E756,2026-06-06,2026-06-08
1,DEL-MAA,6E,6E756,2026-06-07,2026-06-08
1,DEL-MAA,6E,6E756,2026-06-08,2026-06-09
2,DEL-MAA,6E,6E756,2026-06-08,2026-06-10
1,DEL-MAA,6E,6E756,2026-06-09,2026-06-10
1,DEL-MAA,6E,6E756,2026-06-11,2026-06-12
1,DEL-MAA,6E,6E756,2026-06-13,2026-06-14
1,DEL-MAA,6E,6E756,2026-06-16,2026-06-17
2,DEL-MAA,6E,6E756,2026-06-21,2026-06-23
1,DEL-MAA,6E,6E756,2026-06-22,2026-06-23
2,DEL-MAA,6E,6E756,2026-06-25,2026-06-27
1,DEL-MAA,6E,6E756,2026-06-26,2026-06-27
2,DEL-MAA,6E,6E756,2026-06-29,2026-07-01
1,DEL-MAA,6E,6E756,2026-06-30,2026-07-01
2,DEL-MAA,6E,6E756,2026-06-30,2026-07-02
1,DEL-MAA,6E,6E756,2026-07-01,2026-07-02
1,DEL-MAA,6E,6E756,2026-07-03,2026-07-04
1,DEL-MAA,6E,6E756,2026-07-07,2026-07-08
2,DEL-MAA,6E,6E756,2026-07-08,2026-07-10
1,DEL-MAA,6E,6E756,2026-07-09,2026-07-10
1,DEL-MAA,6E,6E756,2026-07-13,2026-07-14
1,DEL-MAA,6E,6E756,2026-07-16,2026-07-17
5,DEL-MAA,6E,6E756,2026-07-17,2026-07-22
1,DEL-MAA,6E,6E756,2026-07-19,2026-07-20
2,DEL-MAA,6E,6E756,2026-07-20,2026-07-22
1,DEL-MAA,6E,6E756,2026-07-21,2026-07-22
2,DEL-MAA,6E,6E756,2026-07-28,2026-07-30
1,DEL-MAA,6E,6E756,2026-07-29,2026-07-30
2,DEL-MAA,6E,6E756,2026-08-05,2026-08-07
1,DEL-MAA,6E,6E756,2026-08-06,2026-08-07
1,DEL-MAA,6E,6E756,2026-08-08,2026-08-09
1,DEL-MAA,6E,6E756,2026-08-13,2026-08-14
2,DEL-MAA,6E,6E756,2026-08-17,2026-08-19
1,DEL-MAA,6E,6E756,2026-08-18,2026-08-19
1,DEL-MAA,6E,6E756,2026-08-19,2026-08-20
1,DEL-MAA,6E,6E756,2026-08-24,2026-08-25
2,DEL-MAA,6E,6E756,2026-08-28,2026-08-30
1,DEL-MAA,6E,6E756,2026-08-29,2026-08-30
2,DEL-MAA,6E,6E756,2026-09-02,2026-09-04
1,DEL-MAA,6E,6E756,2026-09-03,2026-09-04
1,DEL-MAA,9I,9I497,2026-06-07,2026-06-08
2,DEL-MAA,9I,9I497,2026-06-07,2026-06-09
1,DEL-MAA,9I,9I497,2026-06-08,2026-06-09
1,DEL-MAA,9I,9I497,2026-06-13,2026-06-14
2,DEL-MAA,9I,9I497,2026-06-14,2026-06-16
1,DEL-MAA,9I,9I497,2026-06-15,2026-06-16
2,DEL-MAA,9I,9I497,2026-06-16,2026-06-18
1,DEL-MAA,9I,9I497,2026-06-17,2026-06-18
1,DEL-MAA,9I,9I497,2026-06-21,2026-06-22
2,DEL-MAA,9I,9I497,2026-06-24,2026-06-26
1,DEL-MAA,9I,9I497,2026-06-25,2026-06-26
1,DEL-MAA,9I,9I497,2026-06-26,2026-06-27
1,DEL-MAA,9I,9I497,2026-07-03,2026-07-04
2,DEL-MAA,9I,9I497,2026-07-03,2026-07-05
1,DEL-MAA,9I,9I497,2026-07-04,2026-07-05
2,DEL-MAA,9I,9I497,2026-07-11,2026-07-13
1,DEL-MAA,9I,9I497,2026-07-12,2026-07-13
1,DEL-MAA,9I,9I497,2026-07-13,2026-07-14
1,DEL-MAA,9I,9I497,2026-08-03,2026-08-04
2,DEL-MAA,9I,9I497,2026-08-04,2026-08-06
1,DEL-MAA,9I,9I497,2026-08-05,2026-08-06
2,DEL-MAA,9I,9I497,2026-08-13,2026-08-15
1,DEL-MAA,9I,9I497,2026-08-14,2026-08-15
1,DEL-MAA,9I,9I497,2026-08-19,2026-08-20
2,DEL-MAA,9I,9I497,2026-08-23,2026-08-25
1,DEL-MAA,9I,9I497,2026-08-24,2026-08-25
2,DEL-MAA,9I,9I497,2026-08-26,2026-08-28
1,DEL-MAA,9I,9I497,2026-08-27,2026-08-28
2,DEL-MAA,9I,9I497,2026-08-29,2026-08-31
1,DEL-MAA,9I,9I497,2026-08-30,2026-08-31
2,DEL-MAA,9I,9I497,2026-08-31,2026-09-02
1,DEL-MAA,9I,9I497,2026-09-01,2026-09-02
1,DEL-MAA,9I,9I497,2026-09-02,2026-09-03
1,MAA-DEL,AI,AI876,2026-06-06,2026-06-07
1,MAA-DEL,AI,AI876,2026-06-07,2026-06-08
2,MAA-DEL,AI,AI876,2026-06-15,2026-06-17
1,MAA-DEL,AI,AI876,2026-06-16,2026-06-17
1,MAA-DEL,AI,AI876,2026-06-17,2026-06-18
2,MAA-DEL,AI,AI876,2026-06-17,2026-06-19
1,MAA-DEL,AI,AI876,2026-06-18,2026-06-19
2,MAA-DEL,AI,AI876,2026-06-21,2026-06-23
1,MAA-DEL,AI,AI876,2026-06-22,2026-06-23
1,MAA-DEL,AI,AI876,2026-06-28,2026-06-29
1,MAA-DEL,AI,AI876,2026-06-29,2026-06-30
2,MAA-DEL,AI,AI876,2026-07-08,2026-07-10
1,MAA-DEL,AI,AI876,2026-07-09,2026-07-10
1,MAA-DEL,AI,AI876,2026-07-12,2026-07-13
2,MAA-DEL,AI,AI876,2026-07-12,2026-07-14
1,MAA-DEL,AI,AI876,2026-07-13,2026-07-14
1,MAA-DEL,AI,AI876,2026-07-17,2026-07-18
2,MAA-DEL,AI,AI876,2026-07-21,2026-07-23
1,MAA-DEL,AI,AI876,2026-07-22,2026-07-23
2,MAA-DEL,AI,AI876,2026-07-24,2026-07-26
1,MAA-DEL,AI,AI876,2026-07-25,2026-07-26
1,MAA-DEL,AI,AI876,2026-07-30,2026-07-31
2,MAA-DEL,AI,AI876,2026-07-30,2026-08-01
1,MAA-DEL,AI,AI876,2026-07-31,2026-08-01
2,MAA-DEL,AI,AI876,2026-08-01,2026-08-03
1,MAA-DEL,AI,AI876,2026-08-02,2026-08-03
1,MAA-DEL,AI,AI876,2026-08-08,2026-08-09
1,MAA-DEL,AI,AI876,2026-08-11,2026-08-12
1,MAA-DEL,AI,AI876,2026-08-14,2026-08-15
2,MAA-DEL,AI,AI876,2026-08-16,2026-08-18
1,MAA-DEL,AI,AI876,2026-08-17,2026-08-18
2,MAA-DEL,AI,AI876,2026-08-17,2026-08-19
1,MAA-DEL,AI,AI876,2026-08-18,2026-08-19
2,MAA-DEL,AI,AI876,2026-08-18,2026-08-20
1,MAA-DEL,AI,AI876,2026-08-19,2026-08-20
2,MAA-DEL,AI,AI876,2026-08-25,2026-08-27
1,MAA-DEL,AI,AI876,2026-08-26,2026-08-27
1,MAA-DEL,AI,AI876,2026-08-27,2026-08-28
2,MAA-DEL,AI,AI876,2026-09-03,2026-09-05
2,MAA-DEL,IX,IX255,2026-06-07,2026-06-09
1,MAA-DEL,IX,IX255,2026-06-08,2026-06-09
2,MAA-DEL,IX,IX255,2026-06-10,2026-06-12
1,MAA-DEL,IX,IX255,2026-06-11,2026-06-12
2,MAA-DEL,IX,IX255,2026-06-12,2026-06-14
1,MAA-DEL,IX,IX255,2026-06-13,2026-06-14
2,MAA-DEL,IX,IX255,2026-06-26,2026-06-28
1,MAA-DEL,IX,IX255,2026-06-27,2026-06-28
2,MAA-DEL,IX,IX255,2026-06-29,2026-07-01
1,MAA-DEL,IX,IX255,2026-06-30,2026-07-01
1,MAA-DEL,IX,IX255,2026-07-02,2026-07-03
1,MAA-DEL,IX,IX255,2026-07-07,2026-07-08
2,MAA-DEL,IX,IX255,2026-07-08,2026-07-10
1,MAA-DEL,IX,IX255,2026-07-09,2026-07-10
2,MAA-DEL,IX,IX255,2026-07-09,2026-07-11
1,MAA-DEL,IX,IX255,2026-07-10,2026-07-11
1,MAA-DEL,IX,IX255,2026-07-23,2026-07-24
2,MAA-DEL,IX,IX255,2026-07-25,2026-07-27
1,MAA-DEL,IX,IX255,2026-07-26,2026-07-27
2,MAA-DEL,IX,IX255,2026-08-01,2026-08-03
1,MAA-DEL,IX,IX255,2026-08-02,2026-08-03
2,MAA-DEL,IX,IX255,2026-08-02,2026-08-04
1,MAA-DEL,IX,IX255,2026-08-03,2026-08-04
2,MAA-DEL,IX,IX255,2026-08-05,2026-08-07
1,MAA-DEL,IX,IX255,2026-08-06,2026-08-07
1,MAA-DEL,IX,IX255,2026-08-07,2026-08-08
1,MAA-DEL,IX,IX255,2026-08-15,2026-08-16
2,MAA-DEL,IX,IX255,2026-08-15,2026-08-17
1,MAA-DEL,IX,IX255,2026-08-16,2026-08-17
1,MAA-DEL,IX,IX255,2026-08-18,2026-08-19
2,MAA-DEL,IX,IX255,2026-08-20,2026-08-22
1,MAA-DEL,IX,IX255,2026-08-21,2026-08-22
1,MAA-DEL,IX,IX255,2026-08-22,2026-08-23
1,MAA-DEL,IX,IX255,2026-08-23,2026-08-24
2,MAA-DEL,IX,IX255,2026-08-24,2026-08-26
1,MAA-DEL,IX,IX255,2026-08-25,2026-08-26
1,MAA-DEL,IX,IX255,2026-08-27,2026-08-28
2,MAA-DEL,IX,IX255,2026-08-29,2026-08-31
1,MAA-DEL,IX,IX255,2026-08-30,2026-08-31
2,MAA-DEL,IX,IX255,2026-09-03,2026-09-05
2,MAA-DEL,9I,9I346,2026-06-06,2026-06-08
1,MAA-DEL,9I,9I346,2026-06-07,2026-06-08
1,MAA-DEL,9I,9I346,2026-06-10,2026-06-11
1,MAA-DEL,9I,9I346,2026-06-11,2026-06-12
1,MAA-DEL,9I,9I346,2026-06-14,2026-06-15
2,MAA-DEL,9I,9I346,2026-06-17,2026-06-19
1,MAA-DEL,9I,9I346,2026-06-18,2026-06-19
1,MAA-DEL,9I,9I346,2026-06-21,2026-06-22
2,MAA-DEL,9I,9I346,2026-06-23,2026-06-25
1,MAA-DEL,9I,9I346,2026-06-24,2026-06-25
2,MAA-DEL,9I,9I346,2026-06-24,2026-06-26
1,MAA-DEL,9I,9I346,2026-06-25,2026-06-26
2,MAA-DEL,9I,9I346,2026-06-25,2026-06-27
1,MAA-DEL,9I,9I346,2026-06-26,2026-06-27
2,MAA-DEL,9I,9I346,2026-06-29,2026-07-01
1,MAA-DEL,9I,9I346,2026-06-30,2026-07-01
2,MAA-DEL,9I,9I346,2026-07-10,2026-07-12
1,MAA-DEL,9I,9I346,2026-07-11,2026-07-12
2,MAA-DEL,9I,9I346,2026-07-13,2026-07-15
1,MAA-DEL,9I,9I346,2026-07-14,2026-07-15
2,MAA-DEL,9I,9I346,2026-07-17,2026-07-19
1,MAA-DEL,9I,9I346,2026-07-18,2026-07-19
2,MAA-DEL,9I,9I346,2026-07-18,2026-07-20
1,MAA-DEL,9I,9I346,2026-07-19,2026-07-20
2,MAA-DEL,9I,9I346,2026-07-23,2026-07-25
1,MAA-DEL,9I,9I346,2026-07-24,2026-07-25
1,MAA-DEL,9I,9I346,2026-08-01,2026-08-02
2,MAA-DEL,9I,9I346,2026-08-06,2026-08-08
1,MAA-DEL,9I,9I346,2026-08-07,2026-08-08
2,MAA-DEL,9I,9I346,2026-08-08,2026-08-10
1,MAA-DEL,9I,9I346,2026-08-09,2026-08-10
2,MAA-DEL,9I,9I346,2026-08-14,2026-08-16
1,MAA-DEL,9I,9I346,2026-08-15,2026-08-16
1,MAA-DEL,9I,9I346,2026-08-17,2026-08-18
2,MAA-DEL,9I,9I346,2026-08-18,2026-08-20
1,MAA-DEL,9I,9I346,2026-08-19,2026-08-20
2,MAA-DEL,9I,9I346,2026-08-24,2026-08-26
1,MAA-DEL,9I,9I346,2026-08-25,2026-08-26
2,MAA-DEL,9I,9I346,2026-08-28,2026-08-30
1,MAA-DEL,9I,9I346,2026-08-29,2026-08-30
2,DEL-HYD,AI,AI751,2026-06-08,2026-06-10
1,DEL-HYD,AI,AI751,2026-06-09,2026-06-10
2,DEL-HYD,AI,AI751,2026-06-12,2026-06-14
1,DEL-HYD,AI,AI751,2026-06-13,2026-06-14
2,DEL-HYD,AI,AI751,2026-06-25,2026-06-27
1,DEL-HYD,AI,AI751,2026-06-26,2026-06-27
1,DEL-HYD,AI,AI751,2026-07-11,2026-07-12
1,DEL-HYD,AI,AI751,2026-07-16,2026-07-17
5,DEL-HYD,AI,AI751,2026-07-26,2026-07-31
2,DEL-HYD,AI,AI751,2026-07-29,2026-07-31
1,DEL-HYD,AI,AI751,2026-07-30,2026-07-31
1,DEL-HYD,AI,AI751,2026-08-09,2026-08-10
5,DEL-HYD,AI,AI751,2026-08-10,2026-08-15
2,DEL-HYD,AI,AI751,2026-08-13,2026-08-15
1,DEL-HYD,AI,AI751,2026-08-14,2026-08-15
1,DEL-HYD,AI,AI751,2026-08-15,2026-08-16
2,DEL-HYD,AI,AI751,2026-08-20,2026-08-22
1,DEL-HYD,AI,AI751,2026-08-21,2026-08-22
2,DEL-HYD,AI,AI751,2026-08-31,2026-09-02
1,DEL-HYD,AI,AI751,2026-09-01,2026-09-02
2,DEL-HYD,IX,IX544,2026-06-09,2026-06-11
1,DEL-HYD,IX,IX544,2026-06-10,2026-06-11
2,DEL-HYD,IX,IX544,2026-06-14,2026-06-16
1,DEL-HYD,IX,IX544,2026-06-15,2026-06-16
2,DEL-HYD,IX,IX544,2026-06-18,2026-06-20
1,DEL-HYD,IX,IX544,2026-06-19,2026-06-20
1,DEL-HYD,IX,IX544,2026-06-21,2026-06-22
1,DEL-HYD,IX,IX544,2026-06-23,2026-06-24
1,DEL-HYD,IX,IX544,2026-06-25,2026-06-26
2,DEL-HYD,IX,IX544,2026-06-25,2026-06-27
1,DEL-HYD,IX,IX544,2026-06-26,2026-06-27
2,DEL-HYD,IX,IX544,2026-06-28,2026-06-30
1,DEL-HYD,IX,IX544,2026-06-29,2026-06-30
2,DEL-HYD,IX,IX544,2026-07-02,2026-07-04
1,DEL-HYD,IX,IX544,2026-07-03,2026-07-04
2,DEL-HYD,IX,IX544,2026-07-06,2026-07-08
1,DEL-HYD,IX,IX544,2026-07-07,2026-07-08
2,DEL-HYD,IX,IX544,2026-07-18,2026-07-20
1,DEL-HYD,IX,IX544,2026-07-19,2026-07-20
2,DEL-HYD,IX,IX544,2026-07-20,2026-07-22
1,DEL-HYD,IX,IX544,2026-07-21,2026-07-22
2,DEL-HYD,IX,IX544,2026-07-28,2026-07-30
1,DEL-HYD,IX,IX544,2026-07-29,2026-07-30
2,DEL-HYD,IX,IX544,2026-07-29,2026-07-31
1,DEL-HYD,IX,IX544,2026-07-30,2026-07-31
2,DEL-HYD,IX,IX544,2026-07-31,2026-08-02
1,DEL-HYD,IX,IX544,2026-08-01,2026-08-02
2,DEL-HYD,IX,IX544,2026-08-07,2026-08-09
1,DEL-HYD,IX,IX544,2026-08-08,2026-08-09
2,DEL-HYD,IX,IX544,2026-08-09,2026-08-11
1,DEL-HYD,IX,IX544,2026-08-10,2026-08-11
2,DEL-HYD,IX,IX544,2026-08-11,2026-08-13
1,DEL-HYD,IX,IX544,2026-08-12,2026-08-13
1,DEL-HYD,IX,IX544,2026-08-13,2026-08-14
2,DEL-HYD,IX,IX544,2026-08-13,2026-08-15
1,DEL-HYD,IX,IX544,2026-08-14,2026-08-15
2,DEL-HYD,IX,IX544,2026-08-19,2026-08-21
1,DEL-HYD,IX,IX544,2026-08-20,2026-08-21
2,DEL-HYD,IX,IX544,2026-08-20,2026-08-22
1,DEL-HYD,IX,IX544,2026-08-21,2026-08-22
2,DEL-HYD,IX,IX544,2026-08-22,2026-08-24
1,DEL-HYD,IX,IX544,2026-08-23,2026-08-24
1,DEL-HYD,IX,IX544,2026-08-26,2026-08-27
1,DEL-HYD,IX,IX544,2026-08-30,2026-08-31
2,DEL-HYD,IX,IX544,2026-08-31,2026-09-02
1,DEL-HYD,IX,IX544,2026-09-01,2026-09-02
1,DEL-HYD,6E,6E208,2026-06-20,2026-06-21
2,DEL-HYD,6E,6E208,2026-06-21,2026-06-23
1,DEL-HYD,6E,6E208,2026-06-22,2026-06-23
2,DEL-HYD,6E,6E208,2026-06-27,2026-06-29
1,DEL-HYD,6E,6E208,2026-06-28,2026-06-29
1,DEL-HYD,6E,6E208,2026-06-29,2026-06-30
2,DEL-HYD,6E,6E208,2026-07-18,2026-07-20
1,DEL-HYD,6E,6E208,2026-07-19,2026-07-20
2,DEL-HYD,6E,6E208,2026-08-08,2026-08-10
1,DEL-HYD,6E,6E208,2026-08-09,2026-08-10
2,DEL-HYD,6E,6E208,2026-08-09,2026-08-11
1,DEL-HYD,6E,6E208,2026-08-10,2026-08-11
1,DEL-HYD,6E,6E208,2026-08-11,2026-08-12
2,DEL-HYD,6E,6E208,2026-08-12,2026-08-14
1,DEL-HYD,6E,6E208,2026-08-13,2026-08-14
2,DEL-HYD,6E,6E208,2026-08-20,2026-08-22
1,DEL-HYD,6E,6E208,2026-08-21,2026-08-22
2,DEL-HYD,6E,6E208,2026-08-22,2026-08-24
1,DEL-HYD,6E,6E208,2026-08-23,2026-08-24
1,DEL-HYD,6E,6E208,2026-08-26,2026-08-27
2,DEL-HYD,6E,6E208,2026-08-27,2026-08-29
1,DEL-HYD,6E,6E208,2026-08-28,2026-08-29
1,DEL-HYD,6E,6E208,2026-09-03,2026-09-04
2,DEL-HYD,QP,QP359,2026-06-10,2026-06-12
1,DEL-HYD,QP,QP359,2026-06-11,2026-06-12
1,DEL-HYD,QP,QP359,2026-06-15,2026-06-16
1,DEL-HYD,QP,QP359,2026-06-16,2026-06-17
1,DEL-HYD,QP,QP359,2026-06-28,2026-06-29
2,DEL-HYD,QP,QP359,2026-06-28,2026-06-30
1,DEL-HYD,QP,QP359,2026-06-29,2026-06-30
2,DEL-HYD,QP,QP359,2026-06-30,2026-07-02
1,DEL-HYD,QP,QP359,2026-07-01,2026-07-02
1,DEL-HYD,QP,QP359,2026-07-25,2026-07-26
2,DEL-HYD,QP,QP359,2026-07-28,2026-07-30
1,DEL-HYD,QP,QP359,2026-07-29,2026-07-30
1,DEL-HYD,QP,QP359,2026-07-30,2026-07-31
2,DEL-HYD,QP,QP359,2026-07-31,2026-08-02
1,DEL-HYD,QP,QP359,2026-08-01,2026-08-02
2,DEL-HYD,QP,QP359,2026-08-03,2026-08-05
1,DEL-HYD,QP,QP359,2026-08-04,2026-08-05
1,DEL-HYD,QP,QP359,2026-08-06,2026-08-07
2,DEL-HYD,QP,QP359,2026-08-07,2026-08-09
1,DEL-HYD,QP,QP359,2026-08-08,2026-08-09
2,DEL-HYD,QP,QP359,2026-08-08,2026-08-10
1,DEL-HYD,QP,QP359,2026-08-09,2026-08-10
1,DEL-HYD,QP,QP359,2026-08-13,2026-08-14
2,DEL-HYD,QP,QP359,2026-08-16,2026-08-18
1,DEL-HYD,QP,QP359,2026-08-17,2026-08-18
1,DEL-HYD,QP,QP359,2026-08-19,2026-08-20
2,DEL-HYD,QP,QP359,2026-08-25,2026-08-27
1,DEL-HYD,QP,QP359,2026-08-26,2026-08-27
1,DEL-HYD,9I,9I536,2026-06-06,2026-06-07
1,DEL-HYD,9I,9I536,2026-06-10,2026-06-11
2,DEL-HYD,9I,9I536,2026-06-11,2026-06-13
1,DEL-HYD,9I,9I536,2026-06-12,2026-06-13
1,DEL-HYD,9I,9I536,2026-07-10,2026-07-11
1,DEL-HYD,9I,9I536,2026-07-19,2026-07-20
1,DEL-HYD,9I,9I536,2026-07-20,2026-07-21
2,DEL-HYD,9I,9I536,2026-07-20,2026-07-22
1,DEL-HYD,9I,9I536,2026-07-21,2026-07-22
2,DEL-HYD,9I,9I536,2026-07-28,2026-07-30
1,DEL-HYD,9I,9I536,2026-07-29,2026-07-30
2,DEL-HYD,9I,9I536,2026-07-29,2026-07-31
1,DEL-HYD,9I,9I536,2026-07-30,2026-07-31
2,DEL-HYD,9I,9I536,2026-08-03,2026-08-05
1,DEL-HYD,9I,9I536,2026-08-04,2026-08-05
2,DEL-HYD,9I,9I536,2026-08-06,2026-08-08
1,DEL-HYD,9I,9I536,2026-08-07,2026-08-08
5,DEL-HYD,9I,9I536,2026-08-11,2026-08-16
1,DEL-HYD,9I,9I536,2026-08-13,2026-08-14
2,DEL-HYD,9I,9I536,2026-08-14,2026-08-16
1,DEL-HYD,9I,9I536,2026-08-15,2026-08-16
2,DEL-HYD,9I,9I536,2026-08-18,2026-08-20
1,DEL-HYD,9I,9I536,2026-08-19,2026-08-20
2,DEL-HYD,9I,9I536,2026-08-19,2026-08-21
1,DEL-HYD,9I,9I536,2026-08-20,2026-08-21
1,DEL-HYD,9I,9I536,2026-08-28,2026-08-29
2,DEL-HYD,9I,9I536,2026-08-28,2026-08-30
1,DEL-HYD,9I,9I536,2026-08-29,2026-08-30
5,HYD-DEL,QP,QP457,2026-06-07,2026-06-12
2,HYD-DEL,QP,QP457,2026-06-10,2026-06-12
1,HYD-DEL,QP,QP457,2026-06-11,2026-06-12
1,HYD-DEL,QP,QP457,2026-06-12,2026-06-13
2,HYD-DEL,QP,QP457,2026-06-12,2026-06-14
1,HYD-DEL,QP,QP457,2026-06-13,2026-06-14
1,HYD-DEL,QP,QP457,2026-06-15,2026-06-16
1,HYD-DEL,QP,QP457,2026-06-21,2026-06-22
1,HYD-DEL,QP,QP457,2026-07-04,2026-07-05
1,HYD-DEL,QP,QP457,2026-07-12,2026-07-13
2,HYD-DEL,QP,QP457,2026-07-17,2026-07-19
1,HYD-DEL,QP,QP457,2026-07-18,2026-07-19
2,HYD-DEL,QP,QP457,2026-07-19,2026-07-21
1,HYD-DEL,QP,QP457,2026-07-20,2026-07-21
1,HYD-DEL,QP,QP457,2026-07-23,2026-07-24
1,HYD-DEL,QP,QP457,2026-07-26,2026-07-27
2,HYD-DEL,QP,QP457,2026-08-01,2026-08-03
1,HYD-DEL,QP,QP457,2026-08-02,2026-08-03
1,HYD-DEL,QP,QP457,2026-08-05,2026-08-06
2,HYD-DEL,QP,QP457,2026-08-05,2026-08-07
1,HYD-DEL,QP,QP457,2026-08-06,2026-08-07
2,HYD-DEL,QP,QP457,2026-08-09,2026-08-11
1,HYD-DEL,QP,QP457,2026-08-10,2026-08-11
1,HYD-DEL,QP,QP457,2026-08-15,2026-08-16
2,HYD-DEL,QP,QP457,2026-08-20,2026-08-22
1,HYD-DEL,QP,QP457,2026-08-21,2026-08-22
2,HYD-DEL,QP,QP457,2026-08-22,2026-08-24
1,HYD-DEL,QP,QP457,2026-08-23,2026-08-24
1,HYD-DEL,QP,QP457,2026-08-24,2026-08-25
2,HYD-DEL,QP,QP457,2026-08-26,2026-08-28
1,HYD-DEL,QP,QP457,2026-08-27,2026-08-28
1,HYD-DEL,QP,QP457,2026-08-31,2026-09-01
1,HYD-DEL,QP,QP457,2026-09-03,2026-09-04
1,HYD-DEL,6E,6E645,2026-06-06,2026-06-07
2,HYD-DEL,6E,6E645,2026-06-09,2026-06-11
1,HYD-DEL,6E,6E645,2026-06-10,2026-06-11
1,HYD-DEL,6E,6E645,2026-06-20,2026-06-21
1,HYD-DEL,6E,6E645,2026-06-21,2026-06-22
2,HYD-DEL,6E,6E645,2026-06-25,2026-06-27
1,HYD-DEL,6E,6E645,2026-06-26,2026-06-27
2,HYD-DEL,6E,6E645,2026-06-26,2026-06-28
1,HYD-DEL,6E,6E645,2026-06-27,2026-06-28
5,HYD-DEL,6E,6E645,2026-07-01,2026-07-06
2,HYD-DEL,6E,6E645,2026-07-02,2026-07-04
1,HYD-DEL,6E,6E645,2026-07-03,2026-07-04
2,HYD-DEL,6E,6E645,2026-07-04,2026-07-06
1,HYD-DEL,6E,6E645,2026-07-05,2026-07-06
1,HYD-DEL,6E,6E645,2026-07-13,2026-07-14
2,HYD-DEL,6E,6E645,2026-07-18,2026-07-20
1,HYD-DEL,6E,6E645,2026-07-19,2026-07-20
1,HYD-DEL,6E,6E645,2026-07-23,2026-07-24
2,HYD-DEL,6E,6E645,2026-07-25,2026-07-27
1,HYD-DEL,6E,6E645,2026-07-26,2026-07-27
1,HYD-DEL,6E,6E645,2026-07-27,2026-07-28
2,HYD-DEL,6E,6E645,2026-07-31,2026-08-02
1,HYD-DEL,6E,6E645,2026-08-01,2026-08-02
2,HYD-DEL,6E,6E645,2026-08-06,2026-08-08
1,HYD-DEL,6E,6E645,2026-08-07,2026-08-08
2,HYD-DEL,6E,6E645,2026-08-14,2026-08-16
1,HYD-DEL,6E,6E645,2026-08-15,2026-08-16
2,HYD-DEL,6E,6E645,2026-08-17,2026-08-19
1,HYD-DEL,6E,6E645,2026-08-18,2026-08-19
2,HYD-DEL,6E,6E645,2026-08-18,2026-08-20
1,HYD-DEL,6E,6E645,2026-08-19,2026-08-20
1,HYD-DEL,9I,9I677,2026-06-09,2026-06-10
2,HYD-DEL,9I,9I677,2026-06-20,2026-06-22
1,HYD-DEL,9I,9I677,2026-06-21,2026-06-22
1,HYD-DEL,9I,9I677,2026-06-22,2026-06-23
2,HYD-DEL,9I,9I677,2026-06-22,2026-06-24
1,HYD-DEL,9I,9I677,2026-06-23,2026-06-24
1,HYD-DEL,9I,9I677,2026-06-29,2026-06-30
1,HYD-DEL,9I,9I677,2026-06-30,2026-07-01
1,HYD-DEL,9I,9I677,2026-07-05,2026-07-06
1,HYD-DEL,9I,9I677,2026-07-11,2026-07-12
1,HYD-DEL,9I,9I677,2026-07-22,2026-07-23
2,HYD-DEL,9I,9I677,2026-07-26,2026-07-28
1,HYD-DEL,9I,9I677,2026-07-27,2026-07-28
2,HYD-DEL,9I,9I677,2026-07-28,2026-07-30
1,HYD-DEL,9I,9I677,2026-07-29,2026-07-30
2,HYD-DEL,9I,9I677,2026-07-31,2026-08-02
1,HYD-DEL,9I,9I677,2026-08-01,2026-08-02
1,HYD-DEL,9I,9I677,2026-08-09,2026-08-10
2,HYD-DEL,9I,9I677,2026-08-10,2026-08-12
1,HYD-DEL,9I,9I677,2026-08-11,2026-08-12
1,HYD-DEL,9I,9I677,2026-08-21,2026-08-22
1,HYD-DEL,9I,9I677,2026-08-22,2026-08-23
2,HYD-DEL,9I,9I677,2026-08-23,2026-08-25
1,HYD-DEL,9I,9I677,2026-08-24,2026-08-25
1,HYD-DEL,9I,9I677,2026-08-29,2026-08-30
2,HYD-DEL,AI,AI806,2026-06-11,2026-06-13
1,HYD-DEL,AI,AI806,2026-06-12,2026-06-13
5,HYD-DEL,AI,AI806,2026-06-12,2026-06-17
2,HYD-DEL,AI,AI806,2026-06-14,2026-06-16
1,HYD-DEL,AI,AI806,2026-06-15,2026-06-16
2,HYD-DEL,AI,AI806,2026-06-15,2026-06-17
1,HYD-DEL,AI,AI806,2026-06-16,2026-06-17
2,HYD-DEL,AI,AI806,2026-06-20,2026-06-22
1,HYD-DEL,AI,AI806,2026-06-21,2026-06-22
2,HYD-DEL,AI,AI806,2026-06-28,2026-06-30
1,HYD-DEL,AI,AI806,2026-06-29,2026-06-30
5,HYD-DEL,AI,AI806,2026-06-29,2026-07-04
1,HYD-DEL,AI,AI806,2026-06-30,2026-07-01
2,HYD-DEL,AI,AI806,2026-07-02,2026-07-04
1,HYD-DEL,AI,AI806,2026-07-03,2026-07-04
2,HYD-DEL,AI,AI806,2026-07-04,2026-07-06
1,HYD-DEL,AI,AI806,2026-07-05,2026-07-06
2,HYD-DEL,AI,AI806,2026-07-07,2026-07-09
1,HYD-DEL,AI,AI806,2026-07-08,2026-07-09
1,HYD-DEL,AI,AI806,2026-07-19,2026-07-20
2,HYD-DEL,AI,AI806,2026-07-29,2026-07-31
1,HYD-DEL,AI,AI806,2026-07-30,2026-07-31
1,HYD-DEL,AI,AI806,2026-08-06,2026-08-07
1,HYD-DEL,AI,AI806,2026-08-11,2026-08-12
2,HYD-DEL,AI,AI806,2026-08-12,2026-08-14
1,HYD-DEL,AI,AI806,2026-08-13,2026-08-14
1,HYD-DEL,AI,AI806,2026-08-20,2026-08-21
1,HYD-DEL,AI,AI806,2026-08-24,2026-08-25
1,HYD-DEL,AI,AI806,2026-08-26,2026-08-27
1,HYD-DEL,AI,AI806,2026-09-03,2026-09-04
1,HYD-DEL,SG,SG943,2026-06-06,2026-06-07
1,HYD-DEL,SG,SG943,2026-06-09,2026-06-10
1,HYD-DEL,SG,SG943,2026-06-13,2026-06-14
1,HYD-DEL,SG,SG943,2026-06-15,2026-06-16
2,HYD-DEL,SG,SG943,2026-06-15,2026-06-17
1,HYD-DEL,SG,SG943,2026-06-16,2026-06-17
2,HYD-DEL,SG,SG943,2026-06-19,2026-06-21
1,HYD-DEL,SG,SG943,2026-06-20,2026-06-21
1,HYD-DEL,SG,SG943,2026-07-01,2026-07-02
2,HYD-DEL,SG,SG943,2026-07-05,2026-07-07
1,HYD-DEL,SG,SG943,2026-07-06,2026-07-07
2,HYD-DEL,SG,SG943,2026-07-15,2026-07-17
1,HYD-DEL,SG,SG943,2026-07-16,2026-07-17
2,HYD-DEL,SG,SG943,2026-07-17,2026-07-19
1,HYD-DEL,SG,SG943,2026-07-18,2026-07-19
1,HYD-DEL,SG,SG943,2026-07-19,2026-07-20
2,HYD-DEL,SG,SG943,2026-07-27,2026-07-29
1,HYD-DEL,SG,SG943,2026-07-28,2026-07-29
2,HYD-DEL,SG,SG943,2026-08-14,2026-08-16
1,HYD-DEL,SG,SG943,2026-08-15,2026-08-16
2,HYD-DEL,SG,SG943,2026-08-15,2026-08-17
1,HYD-DEL,SG,SG943,2026-08-16,2026-08-17
2,HYD-DEL,SG,SG943,2026-08-16,2026-08-18
1,HYD-DEL,SG,SG943,2026-08-17,2026-08-18
1,HYD-DEL,SG,SG943,2026-08-23,2026-08-24
2,HYD-DEL,SG,SG943,2026-08-31,2026-09-02
1,HYD-DEL,SG,SG943,2026-09-01,2026-09-02
2,HYD-DEL,SG,SG943,2026-09-02,2026-09-04
1,HYD-DEL,SG,SG943,2026-09-03,2026-09-04
5,BOM-MAA,SG,SG372,2026-06-06,2026-06-11
1,BOM-MAA,SG,SG372,2026-06-07,2026-06-08
2,BOM-MAA,SG,SG372,2026-06-08,2026-06-10
1,BOM-MAA,SG,SG372,2026-06-09,2026-06-10
2,BOM-MAA,SG,SG372,2026-06-09,2026-06-11
1,BOM-MAA,SG,SG372,2026-06-10,2026-06-11
1,BOM-MAA,SG,SG372,2026-06-11,2026-06-12
2,BOM-MAA,SG,SG372,2026-06-14,2026-06-16
1,BOM-MAA,SG,SG372,2026-06-15,2026-06-16
1,BOM-MAA,SG,SG372,2026-06-20,2026-06-21
2,BOM-MAA,SG,SG372,2026-06-23,2026-06-25
1,BOM-MAA,SG,SG372,2026-06-24,2026-06-25
1,BOM-MAA,SG,SG372,2026-06-29,2026-06-30
1,BOM-MAA,SG,SG372,2026-07-02,2026-07-03
1,BOM-MAA,SG,SG372,2026-07-04,2026-07-05
1,BOM-MAA,SG,SG372,2026-07-09,2026-07-10
2,BOM-MAA,SG,SG372,2026-07-19,2026-07-21
1,BOM-MAA,SG,SG372,2026-07-20,2026-07-21
1,BOM-MAA,SG,SG372,2026-08-11,2026-08-12
2,BOM-MAA,SG,SG372,2026-08-13,2026-08-15
1,BOM-MAA,SG,SG372,2026-08-14,2026-08-15
1,BOM-MAA,SG,SG372,2026-08-27,2026-08-28
1,BOM-MAA,SG,SG372,2026-09-01,2026-09-02
1,BOM-MAA,AI,AI620,2026-06-07,2026-06-08
2,BOM-MAA,AI,AI620,2026-06-08,2026-06-10
1,BOM-MAA,AI,AI620,2026-06-09,2026-06-10
2,BOM-MAA,AI,AI620,2026-06-09,2026-06-11
1,BOM-MAA,AI,AI620,2026-06-10,2026-06-11
2,BOM-MAA,AI,AI620,2026-06-11,2026-06-13
1,BOM-MAA,AI,AI620,2026-06-12,2026-06-13
5,BOM-MAA,AI,AI620,2026-06-14,2026-06-19
1,BOM-MAA,AI,AI620,2026-06-16,2026-06-17
2,BOM-MAA,AI,AI620,2026-06-17,2026-06-19
1,BOM-MAA,AI,AI620,2026-06-18,2026-06-19
2,BOM-MAA,AI,AI620,2026-06-18,2026-06-20
1,BOM-MAA,AI,AI620,2026-06-19,2026-06-20
2,BOM-MAA,AI,AI620,2026-07-02,2026-07-04
1,BOM-MAA,AI,AI620,2026-07-03,2026-07-04
1,BOM-MAA,AI,AI620,2026-07-04,2026-07-05
2,BOM-MAA,AI,AI620,2026-07-07,2026-07-09
1,BOM-MAA,AI,AI620,2026-07-08,2026-07-09
2,BOM-MAA,AI,AI620,2026-07-14,2026-07-16
1,BOM-MAA,AI,AI620,2026-07-15,2026-07-16
2,BOM-MAA,AI,AI620,2026-07-18,2026-07-20
1,BOM-MAA,AI,AI620,2026-07-19,2026-07-20
1,BOM-MAA,AI,AI620,2026-07-23,2026-07-24
1,BOM-MAA,AI,AI620,2026-07-25,2026-07-26
5,BOM-MAA,AI,AI620,2026-07-26,2026-07-31
2,BOM-MAA,AI,AI620,2026-07-29,2026-07-31
1,BOM-MAA,AI,AI620,2026-07-30,2026-07-31
1,BOM-MAA,AI,AI620,2026-08-11,2026-08-12
2,BOM-MAA,AI,AI620,2026-08-12,2026-08-14
1,BOM-MAA,AI,AI620,2026-08-13,2026-08-14
2,BOM-MAA,AI,AI620,2026-08-13,2026-08-15
1,BOM-MAA,AI,AI620,2026-08-14,2026-08-15
2,BOM-MAA,AI,AI620,2026-08-26,2026-08-28
1,BOM-MAA,AI,AI620,2026-08-27,2026-08-28
2,BOM-MAA,AI,AI620,2026-09-02,2026-09-04
1,BOM-MAA,AI,AI620,2026-09-03,2026-09-04
5,BOM-MAA,IX,IX321,2026-06-06,2026-06-11
1,BOM-MAA,IX,IX321,2026-06-07,2026-06-08
2,BOM-MAA,IX,IX321,2026-06-08,2026-06-10
1,BOM-MAA,IX,IX321,2026-06-09,2026-06-10
2,BOM-MAA,IX,IX321,2026-06-09,2026-06-11
1,BOM-MAA,IX,IX321,2026-06-10,2026-06-11
2,BOM-MAA,IX,IX321,2026-06-11,2026-06-13
1,BOM-MAA,IX,IX321,2026-06-12,2026-06-13
1,BOM-MAA,IX,IX321,2026-06-20,2026-06-21
2,BOM-MAA,IX,IX321,2026-06-28,2026-06-30
1,BOM-MAA,IX,IX321,2026-06-29,2026-06-30
2,BOM-MAA,IX,IX321,2026-07-05,2026-07-07
1,BOM-MAA,IX,IX321,2026-07-06,2026-07-07
1,BOM-MAA,IX,IX321,2026-07-18,2026-07-19
2,BOM-MAA,IX,IX321,2026-07-18,2026-07-20
1,BOM-MAA,IX,IX321,2026-07-19,2026-07-20
1,BOM-MAA,IX,IX321,2026-07-31,2026-08-01
1,BOM-MAA,IX,IX321,2026-08-05,2026-08-06
1,BOM-MAA,IX,IX321,2026-08-12,2026-08-13
2,BOM-MAA,IX,IX321,2026-08-18,2026-08-20
1,BOM-MAA,IX,IX321,2026-08-19,2026-08-20
1,BOM-MAA,IX,IX321,2026-08-21,2026-08-22
1,BOM-MAA,IX,IX321,2026-08-24,2026-08-25
2,BOM-MAA,IX,IX321,2026-08-28,2026-08-30
1,BOM-MAA,IX,IX321,2026-08-29,2026-08-30
1,BOM-MAA,6E,6E860,2026-06-07,2026-06-08
2,BOM-MAA,6E,6E860,2026-06-12,2026-06-14
1,BOM-MAA,6E,6E860,2026-06-13,2026-06-14
2,BOM-MAA,6E,6E860,2026-06-13,2026-06-15
1,BOM-MAA,6E,6E860,2026-06-14,2026-06-15
1,BOM-MAA,6E,6E860,2026-06-18,2026-06-19
1,BOM-MAA,6E,6E860,2026-06-26,2026-06-27
2,BOM-MAA,6E,6E860,2026-06-27,2026-06-29
1,BOM-MAA,6E,6E860,2026-06-28,2026-06-29
2,BOM-MAA,6E,6E860,2026-07-02,2026-07-04
1,BOM-MAA,6E,6E860,2026-07-03,2026-07-04
2,BOM-MAA,6E,6E860,2026-07-17,2026-07-19
1,BOM-MAA,6E,6E860,2026-07-18,2026-07-19
1,BOM-MAA,6E,6E860,2026-07-23,2026-07-24
1,BOM-MAA,6E,6E860,2026-07-30,2026-07-31
1,BOM-MAA,6E,6E860,2026-08-02,2026-08-03
1,BOM-MAA,6E,6E860,2026-08-07,2026-08-08
2,BOM-MAA,6E,6E860,2026-08-12,2026-08-14
1,BOM-MAA,6E,6E860,2026-08-13,2026-08-14
2,BOM-MAA,6E,6E860,2026-08-14,2026-08-16
1,BOM-MAA,6E,6E860,2026-08-15,2026-08-16
2,BOM-MAA,6E,6E860,2026-08-15,2026-08-17
1,BOM-MAA,6E,6E860,2026-08-16,2026-08-17
1,BOM-MAA,6E,6E860,2026-08-17,2026-08-18
2,BOM-MAA,6E,6E860,2026-08-28,2026-08-30
1,BOM-MAA,6E,6E860,2026-08-29,2026-08-30
1,BOM-MAA,6E,6E860,2026-08-30,2026-08-31
2,BOM-MAA,6E,6E860,2026-08-31,2026-09-02
1,BOM-MAA,6E,6E860,2026-09-01,2026-09-02
2,BOM-MAA,QP,QP450,2026-06-10,2026-06-12
1,BOM-MAA,QP,QP450,2026-06-11,2026-06-12
1,BOM-MAA,QP,QP450,2026-06-17,2026-06-18
2,BOM-MAA,QP,QP450,2026-06-24,2026-06-26
1,BOM-MAA,QP,QP450,2026-06-25,2026-06-26
1,BOM-MAA,QP,QP450,2026-06-26,2026-06-27
5,BOM-MAA,QP,QP450,2026-06-27,2026-07-02
2,BOM-MAA,QP,QP450,2026-06-30,2026-07-02
1,BOM-MAA,QP,QP450,2026-07-01,2026-07-02
2,BOM-MAA,QP,QP450,2026-07-09,2026-07-11
1,BOM-MAA,QP,QP450,2026-07-10,2026-07-11
2,BOM-MAA,QP,QP450,2026-07-11,2026-07-13
1,BOM-MAA,QP,QP450,2026-07-12,2026-07-13
2,BOM-MAA,QP,QP450,2026-07-22,2026-07-24
1,BOM-MAA,QP,QP450,2026-07-23,2026-07-24
1,BOM-MAA,QP,QP450,2026-07-27,2026-07-28
5,BOM-MAA,QP,QP450,2026-07-27,2026-08-01
1,BOM-MAA,QP,QP450,2026-07-30,2026-07-31
2,BOM-MAA,QP,QP450,2026-07-30,2026-08-01
1,BOM-MAA,QP,QP450,2026-07-31,2026-08-01
2,BOM-MAA,QP,QP450,2026-08-05,2026-08-07
1,BOM-MAA,QP,QP450,2026-08-06,2026-08-07
2,BOM-MAA,QP,QP450,2026-08-06,2026-08-08
1,BOM-MAA,QP,QP450,2026-08-07,2026-08-08
2,BOM-MAA,QP,QP450,2026-08-07,2026-08-09
1,BOM-MAA,QP,QP450,2026-08-08,2026-08-09
1,BOM-MAA,QP,QP450,2026-08-11,2026-08-12
1,BOM-MAA,QP,QP450,2026-08-13,2026-08-14
2,BOM-MAA,QP,QP450,2026-08-14,2026-08-16
1,BOM-MAA,QP,QP450,2026-08-15,2026-08-16
1,BOM-MAA,QP,QP450,2026-08-21,2026-08-22
2,BOM-MAA,QP,QP450,2026-08-25,2026-08-27
1,BOM-MAA,QP,QP450,2026-08-26,2026-08-27
1,BOM-MAA,QP,QP450,2026-09-01,2026-09-02
2,BOM-MAA,QP,QP450,2026-09-02,2026-09-04
1,BOM-MAA,QP,QP450,2026-09-03,2026-09-04
1,MAA-BOM,AI,AI164,2026-06-12,2026-06-13
2,MAA-BOM,AI,AI164,2026-06-14,2026-06-16
1,MAA-BOM,AI,AI164,2026-06-15,2026-06-16
2,MAA-BOM,AI,AI164,2026-06-17,2026-06-19
1,MAA-BOM,AI,AI164,2026-06-18,2026-06-19
2,MAA-BOM,AI,AI164,2026-07-07,2026-07-09
1,MAA-BOM,AI,AI164,2026-07-08,2026-07-09
1,MAA-BOM,AI,AI164,2026-07-13,2026-07-14
2,MAA-BOM,AI,AI164,2026-07-16,2026-07-18
1,MAA-BOM,AI,AI164,2026-07-17,2026-07-18
1,MAA-BOM,AI,AI164,2026-08-01,2026-08-02
2,MAA-BOM,AI,AI164,2026-08-02,2026-08-04
1,MAA-BOM,AI,AI164,2026-08-03,2026-08-04
1,MAA-BOM,AI,AI164,2026-08-23,2026-08-24
5,MAA-BOM,AI,AI164,2026-08-24,2026-08-29
2,MAA-BOM,AI,AI164,2026-08-26,2026-08-28
1,MAA-BOM,AI,AI164,2026-08-27,2026-08-28
2,MAA-BOM,AI,AI164,2026-08-27,2026-08-29
1,MAA-BOM,AI,AI164,2026-08-28,2026-08-29
5,MAA-BOM,AI,AI164,2026-08-29,2026-09-03
2,MAA-BOM,AI,AI164,2026-08-30,2026-09-01
1,MAA-BOM,AI,AI164,2026-08-31,2026-09-01
2,MAA-BOM,AI,AI164,2026-08-31,2026-09-02
1,MAA-BOM,AI,AI164,2026-09-01,2026-09-02
2,MAA-BOM,AI,AI164,2026-09-01,2026-09-03
1,MAA-BOM,AI,AI164,2026-09-02,2026-09-03
2,MAA-BOM,6E,6E371,2026-06-18,2026-06-20
1,MAA-BOM,6E,6E371,2026-06-19,2026-06-20
1,MAA-BOM,6E,6E371,2026-06-24,2026-06-25
2,MAA-BOM,6E,6E371,2026-06-25,2026-06-27
1,MAA-BOM,6E,6E371,2026-06-26,2026-06-27
1,MAA-BOM,6E,6E371,2026-06-29,2026-06-30
1,MAA-BOM,6E,6E371,2026-07-13,2026-07-14
2,MAA-BOM,6E,6E371,2026-07-15,2026-07-17
1,MAA-BOM,6E,6E371,2026-07-16,2026-07-17
2,MAA-BOM,6E,6E371,2026-07-16,2026-07-18
1,MAA-BOM,6E,6E371,2026-07-17,2026-07-18
2,MAA-BOM,6E,6E371,2026-07-17,2026-07-19
1,MAA-BOM,6E,6E371,2026-07-18,2026-07-19
2,MAA-BOM,6E,6E371,2026-07-19,2026-07-21
1,MAA-BOM,6E,6E371,2026-07-20,2026-07-21
1,MAA-BOM,6E,6E371,2026-07-22,2026-07-23
1,MAA-BOM,6E,6E371,2026-07-26,2026-07-27
2,MAA-BOM,6E,6E371,2026-07-31,2026-08-02
1,MAA-BOM,6E,6E371,2026-08-01,2026-08-02
2,MAA-BOM,6E,6E371,2026-08-03,2026-08-05
1,MAA-BOM,6E,6E371,2026-08-04,2026-08-05
5,MAA-BOM,6E,6E371,2026-08-04,2026-08-09
1,MAA-BOM,6E,6E371,2026-08-06,2026-08-07
2,MAA-BOM,6E,6E371,2026-08-07,2026-08-09
1,MAA-BOM,6E,6E371,2026-08-08,2026-08-09
1,MAA-BOM,6E,6E371,2026-08-17,2026-08-18
2,MAA-BOM,6E,6E371,2026-08-20,2026-08-22
1,MAA-BOM,6E,6E371,2026-08-21,2026-08-22
2,MAA-BOM,6E,6E371,2026-08-23,2026-08-25
1,MAA-BOM,6E,6E371,2026-08-24,2026-08-25
2,MAA-BOM,6E,6E371,2026-08-24,2026-08-26
1,MAA-BOM,6E,6E371,2026-08-25,2026-08-26
2,MAA-BOM,6E,6E371,2026-08-26,2026-08-28
1,MAA-BOM,6E,6E371,2026-08-27,2026-08-28
2,MAA-BOM,6E,6E371,2026-08-27,2026-08-29
1,MAA-BOM,6E,6E371,2026-08-28,2026-08-29
2,MAA-BOM,6E,6E371,2026-08-29,2026-08-31
1,MAA-BOM,6E,6E371,2026-08-30,2026-08-31
1,MAA-BOM,6E,6E371,2026-08-31,2026-09-01
2,MAA-BOM,IX,IX854,2026-06-07,2026-06-09
1,MAA-BOM,IX,IX854,2026-06-08,2026-06-09
2,MAA-BOM,IX,IX854,2026-06-08,2026-06-10
1,MAA-BOM,IX,IX854,2026-06-09,2026-06-10
2,MAA-BOM,IX,IX854,2026-06-11,2026-06-13
1,MAA-BOM,IX,IX854,2026-06-12,2026-06-13
2,MAA-BOM,IX,IX854,2026-06-13,2026-06-15
1,MAA-BOM,IX,IX854,2026-06-14,2026-06-15
2,MAA-BOM,IX,IX854,2026-06-17,2026-06-19
1,MAA-BOM,IX,IX854,2026-06-18,2026-06-19
1,MAA-BOM,IX,IX854,2026-06-19,2026-06-20
1,MAA-BOM,IX,IX854,2026-06-22,2026-06-23
2,MAA-BOM,IX,IX854,2026-06-25,2026-06-27
1,MAA-BOM,IX,IX854,2026-06-26,2026-06-27
1,MAA-BOM,IX,IX854,2026-07-08,2026-07-09
2,MAA-BOM,IX,IX854,2026-07-11,2026-07-13
1,MAA-BOM,IX,IX854,2026-07-12,2026-07-13
2,MAA-BOM,IX,IX854,2026-07-16,2026-07-18
1,MAA-BOM,IX,IX854,2026-07-17,2026-07-18
2,MAA-BOM,IX,IX854,2026-07-26,2026-07-28
1,MAA-BOM,IX,IX854,2026-07-27,2026-07-28
1,MAA-BOM,IX,IX854,2026-08-03,2026-08-04
2,MAA-BOM,IX,IX854,2026-08-05,2026-08-07
1,MAA-BOM,IX,IX854,2026-08-06,2026-08-07
1,MAA-BOM,IX,IX854,2026-08-07,2026-08-08
1,MAA-BOM,IX,IX854,2026-08-09,2026-08-10
2,MAA-BOM,IX,IX854,2026-08-11,2026-08-13
1,MAA-BOM,IX,IX854,2026-08-12,2026-08-13
2,MAA-BOM,IX,IX854,2026-08-12,2026-08-14
1,MAA-BOM,IX,IX854,2026-08-13,2026-08-14
2,MAA-BOM,IX,IX854,2026-08-13,2026-08-15
1,MAA-BOM,IX,IX854,2026-08-14,2026-08-15
2,MAA-BOM,IX,IX854,2026-08-14,2026-08-16
1,MAA-BOM,IX,IX854,2026-08-15,2026-08-16
1,MAA-BOM,IX,IX854,2026-08-31,2026-09-01
1,BLR-MAA,IX,IX602,2026-06-16,2026-06-17
1,BLR-MAA,IX,IX602,2026-06-21,2026-06-22
1,BLR-MAA,IX,IX602,2026-06-25,2026-06-26
2,BLR-MAA,IX,IX602,2026-06-28,2026-06-30
1,BLR-MAA,IX,IX602,2026-06-29,2026-06-30
1,BLR-MAA,IX,IX602,2026-07-04,2026-07-05
5,BLR-MAA,IX,IX602,2026-07-05,2026-07-10
2,BLR-MAA,IX,IX602,2026-07-07,2026-07-09
1,BLR-MAA,IX,IX602,2026-07-08,2026-07-09
2,BLR-MAA,IX,IX602,2026-07-08,2026-07-10
1,BLR-MAA,IX,IX602,2026-07-09,2026-07-10
2,BLR-MAA,IX,IX602,2026-07-17,2026-07-19
1,BLR-MAA,IX,IX602,2026-07-18,2026-07-19
2,BLR-MAA,IX,IX602,2026-07-27,2026-07-29
1,BLR-MAA,IX,IX602,2026-07-28,2026-07-29
1,BLR-MAA,IX,IX602,2026-07-30,2026-07-31
1,BLR-MAA,IX,IX602,2026-08-02,2026-08-03
1,BLR-MAA,IX,IX602,2026-08-03,2026-08-04
2,BLR-MAA,IX,IX602,2026-08-10,2026-08-12
1,BLR-MAA,IX,IX602,2026-08-11,2026-08-12
2,BLR-MAA,IX,IX602,2026-08-12,2026-08-14
1,BLR-MAA,IX,IX602,2026-08-13,2026-08-14
1,BLR-MAA,IX,IX602,2026-08-20,2026-08-21
2,BLR-MAA,IX,IX602,2026-08-24,2026-08-26
1,BLR-MAA,IX,IX602,2026-08-25,2026-08-26
2,BLR-MAA,IX,IX602,2026-08-27,2026-08-29
1,BLR-MAA,IX,IX602,2026-08-28,2026-08-29
5,BLR-MAA,IX,IX602,2026-08-29,2026-09-03
2,BLR-MAA,IX,IX602,2026-08-31,2026-09-02
1,BLR-MAA,IX,IX602,2026-09-01,2026-09-02
2,BLR-MAA,IX,IX602,2026-09-01,2026-09-03
1,BLR-MAA,IX,IX602,2026-09-02,2026-09-03
2,BLR-MAA,QP,QP422,2026-06-06,2026-06-08
1,BLR-MAA,QP,QP422,2026-06-07,2026-06-08
5,BLR-MAA,QP,QP422,2026-06-14,2026-06-19
1,BLR-MAA,QP,QP422,2026-06-16,2026-06-17
2,BLR-MAA,QP,QP422,2026-06-17,2026-06-19
1,BLR-MAA,QP,QP422,2026-06-18,2026-06-19
1,BLR-MAA,QP,QP422,2026-06-25,2026-06-26
2,BLR-MAA,QP,QP422,2026-06-29,2026-07-01
1,BLR-MAA,QP,QP422,2026-06-30,2026-07-01
2,BLR-MAA,QP,QP422,2026-07-02,2026-07-04
1,BLR-MAA,QP,QP422,2026-07-03,2026-07-04
2,BLR-MAA,QP,QP422,2026-07-03,2026-07-05
1,BLR-MAA,QP,QP422,2026-07-04,2026-07-05
5,BLR-MAA,QP,QP422,2026-07-11,2026-07-16
1,BLR-MAA,QP,QP422,2026-07-13,2026-07-14
2,BLR-MAA,QP,QP422,2026-07-14,2026-07-16
1,BLR-MAA,QP,QP422,2026-07-15,2026-07-16
1,BLR-MAA,QP,QP422,2026-07-20,2026-07-21
5,BLR-MAA,QP,QP422,2026-07-20,2026-07-25
2,BLR-MAA,QP,QP422,2026-07-23,2026-07-25
1,BLR-MAA,QP,QP422,2026-07-24,2026-07-25
2,BLR-MAA,QP,QP422,2026-07-25,2026-07-27
1,BLR-MAA,QP,QP422,2026-07-26,2026-07-27
2,BLR-MAA,QP,QP422,2026-07-26,2026-07-28
1,BLR-MAA,QP,QP422,2026-07-27,2026-07-28
2,BLR-MAA,QP,QP422,2026-07-27,2026-07-29
1,BLR-MAA,QP,QP422,2026-07-28,2026-07-29
2,BLR-MAA,QP,QP422,2026-08-09,2026-08-11
1,BLR-MAA,QP,QP422,2026-08-10,2026-08-11
1,BLR-MAA,QP,QP422,2026-08-13,2026-08-14
1,BLR-MAA,QP,QP422,2026-08-26,2026-08-27
2,BLR-MAA,QP,QP422,2026-08-27,2026-08-29
1,BLR-MAA,QP,QP422,2026-08-28,2026-08-29
2,BLR-MAA,QP,QP422,2026-09-02,2026-09-04
1,BLR-MAA,QP,QP422,2026-09-03,2026-09-04
1,BLR-MAA,6E,6E580,2026-06-13,2026-06-14
1,BLR-MAA,6E,6E580,2026-06-17,2026-06-18
1,BLR-MAA,6E,6E580,2026-06-23,2026-06-24
5,BLR-MAA,6E,6E580,2026-06-24,2026-06-29
2,BLR-MAA,6E,6E580,2026-06-26,2026-06-28
1,BLR-MAA,6E,6E580,2026-06-27,2026-06-28
2,BLR-MAA,6E,6E580,2026-06-27,2026-06-29
1,BLR-MAA,6E,6E580,2026-06-28,2026-06-29
2,BLR-MAA,6E,6E580,2026-07-09,2026-07-11
1,BLR-MAA,6E,6E580,2026-07-10,2026-07-11
2,BLR-MAA,6E,6E580,2026-07-13,2026-07-15
1,BLR-MAA,6E,6E580,2026-07-14,2026-07-15
1,BLR-MAA,6E,6E580,2026-07-20,2026-07-21
2,BLR-MAA,6E,6E580,2026-07-27,2026-07-29
1,BLR-MAA,6E,6E580,2026-07-28,2026-07-29
1,BLR-MAA,6E,6E580,2026-08-02,2026-08-03
1,BLR-MAA,6E,6E580,2026-08-07,2026-08-08
1,BLR-MAA,6E,6E580,2026-08-22,2026-08-23
1,BLR-MAA,6E,6E580,2026-08-23,2026-08-24
2,BLR-MAA,6E,6E580,2026-08-31,2026-09-02
1,BLR-MAA,6E,6E580,2026-09-01,2026-09-02
1,MAA-BLR,QP,QP882,2026-06-06,2026-06-07
2,MAA-BLR,QP,QP882,2026-06-19,2026-06-21
1,MAA-BLR,QP,QP882,2026-06-20,2026-06-21
1,MAA-BLR,QP,QP882,2026-06-22,2026-06-23
1,MAA-BLR,QP,QP882,2026-06-27,2026-06-28
1,MAA-BLR,QP,QP882,2026-06-28,2026-06-29
1,MAA-BLR,QP,QP882,2026-07-02,2026-07-03
2,MAA-BLR,QP,QP882,2026-07-07,2026-07-09
1,MAA-BLR,QP,QP882,2026-07-08,2026-07-09
1,MAA-BLR,QP,QP882,2026-07-13,2026-07-14
1,MAA-BLR,QP,QP882,2026-07-26,2026-07-27
1,MAA-BLR,QP,QP882,2026-07-27,2026-07-28
5,MAA-BLR,QP,QP882,2026-07-30,2026-08-04
2,MAA-BLR,QP,QP882,2026-07-31,2026-08-02
1,MAA-BLR,QP,QP882,2026-08-01,2026-08-02
2,MAA-BLR,QP,QP882,2026-08-02,2026-08-04
1,MAA-BLR,QP,QP882,2026-08-03,2026-08-04
1,MAA-BLR,QP,QP882,2026-08-07,2026-08-08
2,MAA-BLR,QP,QP882,2026-08-21,2026-08-23
1,MAA-BLR,QP,QP882,2026-08-22,2026-08-23
2,MAA-BLR,QP,QP882,2026-08-22,2026-08-24
1,MAA-BLR,QP,QP882,2026-08-23,2026-08-24
2,MAA-BLR,QP,QP882,2026-08-23,2026-08-25
1,MAA-BLR,QP,QP882,2026-08-24,2026-08-25
2,MAA-BLR,QP,QP882,2026-08-27,2026-08-29
1,MAA-BLR,QP,QP882,2026-08-28,2026-08-29
1,MAA-BLR,QP,QP882,2026-08-29,2026-08-30
2,MAA-BLR,QP,QP882,2026-08-30,2026-09-01
1,MAA-BLR,QP,QP882,2026-08-31,2026-09-01
2,MAA-BLR,QP,QP882,2026-09-03,2026-09-05
1,MAA-BLR,IX,IX667,2026-06-12,2026-06-13
2,MAA-BLR,IX,IX667,2026-06-18,2026-06-20
1,MAA-BLR,IX,IX667,2026-06-19,2026-06-20
2,MAA-BLR,IX,IX667,2026-06-26,2026-06-28
1,MAA-BLR,IX,IX667,2026-06-27,2026-06-28
2,MAA-BLR,IX,IX667,2026-06-27,2026-06-29
1,MAA-BLR,IX,IX667,2026-06-28,2026-06-29
1,MAA-BLR,IX,IX667,2026-06-29,2026-06-30
2,MAA-BLR,IX,IX667,2026-06-30,2026-07-02
1,MAA-BLR,IX,IX667,2026-07-01,2026-07-02
2,MAA-BLR,IX,IX667,2026-07-01,2026-07-03
1,MAA-BLR,IX,IX667,2026-07-02,2026-07-03
1,MAA-BLR,IX,IX667,2026-07-03,2026-07-04
2,MAA-BLR,IX,IX667,2026-07-05,2026-07-07
1,MAA-BLR,IX,IX667,2026-07-06,2026-07-07
2,MAA-BLR,IX,IX667,2026-07-16,2026-07-18
1,MAA-BLR,IX,IX667,2026-07-17,2026-07-18
1,MAA-BLR,IX,IX667,2026-07-19,2026-07-20
2,MAA-BLR,IX,IX667,2026-07-20,2026-07-22
1,MAA-BLR,IX,IX667,2026-07-21,2026-07-22
2,MAA-BLR,IX,IX667,2026-07-24,2026-07-26
1,MAA-BLR,IX,IX667,2026-07-25,2026-07-26
1,MAA-BLR,IX,IX667,2026-07-29,2026-07-30
2,MAA-BLR,IX,IX667,2026-08-01,2026-08-03
1,MAA-BLR,IX,IX667,2026-08-02,2026-08-03
1,MAA-BLR,IX,IX667,2026-08-04,2026-08-05
2,MAA-BLR,IX,IX667,2026-08-10,2026-08-12
1,MAA-BLR,IX,IX667,2026-08-11,2026-08-12
2,MAA-BLR,IX,IX667,2026-08-11,2026-08-13
1,MAA-BLR,IX,IX667,2026-08-12,2026-08-13
1,MAA-BLR,IX,IX667,2026-08-17,2026-08-18
2,MAA-BLR,IX,IX667,2026-08-19,2026-08-21
1,MAA-BLR,IX,IX667,2026-08-20,2026-08-21
1,MAA-BLR,IX,IX667,2026-08-30,2026-08-31
1,MAA-BLR,9I,9I246,2026-06-06,2026-06-07
1,MAA-BLR,9I,9I246,2026-06-09,2026-06-10
2,MAA-BLR,9I,9I246,2026-06-12,2026-06-14
1,MAA-BLR,9I,9I246,2026-06-13,2026-06-14
1,MAA-BLR,9I,9I246,2026-06-14,2026-06-15
1,MAA-BLR,9I,9I246,2026-06-15,2026-06-16
1,MAA-BLR,9I,9I246,2026-06-23,2026-06-24
2,MAA-BLR,9I,9I246,2026-07-01,2026-07-03
1,MAA-BLR,9I,9I246,2026-07-02,2026-07-03
1,MAA-BLR,9I,9I246,2026-07-27,2026-07-28
2,MAA-BLR,9I,9I246,2026-07-28,2026-07-30
1,MAA-BLR,9I,9I246,2026-07-29,2026-07-30
2,MAA-BLR,9I,9I246,2026-08-09,2026-08-11
1,MAA-BLR,9I,9I246,2026-08-10,2026-08-11
5,MAA-BLR,9I,9I246,2026-08-11,2026-08-16
1,MAA-BLR,9I,9I246,2026-08-14,2026-08-15
2,MAA-BLR,9I,9I246,2026-08-14,2026-08-16
1,MAA-BLR,9I,9I246,2026-08-15,2026-08-16
2,MAA-BLR,9I,9I246,2026-08-15,2026-08-17
1,MAA-BLR,9I,9I246,2026-08-16,2026-08-17
1,MAA-BLR,9I,9I246,2026-08-21,2026-08-22
2,MAA-BLR,9I,9I246,2026-08-21,2026-08-23
1,MAA-BLR,9I,9I246,2026-08-22,2026-08-23
2,MAA-BLR,9I,9I246,2026-08-26,2026-08-28
1,MAA-BLR,9I,9I246,2026-08-27,2026-08-28
5,DEL-PNQ,SG,SG490,2026-06-14,2026-06-19
2,DEL-PNQ,SG,SG490,2026-06-17,2026-06-19
1,DEL-PNQ,SG,SG490,2026-06-18,2026-06-19
1,DEL-PNQ,SG,SG490,2026-06-25,2026-06-26
2,DEL-PNQ,SG,SG490,2026-06-26,2026-06-28
1,DEL-PNQ,SG,SG490,2026-06-27,2026-06-28
2,DEL-PNQ,SG,SG490,2026-06-28,2026-06-30
1,DEL-PNQ,SG,SG490,2026-06-29,2026-06-30
1,DEL-PNQ,SG,SG490,2026-06-30,2026-07-01
5,DEL-PNQ,SG,SG490,2026-07-01,2026-07-06
2,DEL-PNQ,SG,SG490,2026-07-03,2026-07-05
1,DEL-PNQ,SG,SG490,2026-07-04,2026-07-05
2,DEL-PNQ,SG,SG490,2026-07-04,2026-07-06
1,DEL-PNQ,SG,SG490,2026-07-05,2026-07-06
2,DEL-PNQ,SG,SG490,2026-07-08,2026-07-10
1,DEL-PNQ,SG,SG490,2026-07-09,2026-07-10
2,DEL-PNQ,SG,SG490,2026-07-14,2026-07-16
1,DEL-PNQ,SG,SG490,2026-07-15,2026-07-16
2,DEL-PNQ,SG,SG490,2026-07-24,2026-07-26
1,DEL-PNQ,SG,SG490,2026-07-25,2026-07-26
2,DEL-PNQ,SG,SG490,2026-07-27,2026-07-29
1,DEL-PNQ,SG,SG490,2026-07-28,2026-07-29
2,DEL-PNQ,SG,SG490,2026-07-29,2026-07-31
1,DEL-PNQ,SG,SG490,2026-07-30,2026-07-31
1,DEL-PNQ,SG,SG490,2026-08-02,2026-08-03
1,DEL-PNQ,SG,SG490,2026-08-06,2026-08-07
5,DEL-PNQ,SG,SG490,2026-08-14,2026-08-19
1,DEL-PNQ,SG,SG490,2026-08-16,2026-08-17
2,DEL-PNQ,SG,SG490,2026-08-17,2026-08-19
5,DEL-PNQ,SG,SG490,2026-08-17,2026-08-22
1,DEL-PNQ,SG,SG490,2026-08-18,2026-08-19
1,DEL-PNQ,SG,SG490,2026-08-20,2026-08-21
2,DEL-PNQ,SG,SG490,2026-08-20,2026-08-22
1,DEL-PNQ,SG,SG490,2026-08-21,2026-08-22
1,DEL-PNQ,SG,SG490,2026-09-01,2026-09-02
1,DEL-PNQ,SG,SG490,2026-09-02,2026-09-03
1,DEL-PNQ,6E,6E320,2026-06-10,2026-06-11
1,DEL-PNQ,6E,6E320,2026-06-11,2026-06-12
2,DEL-PNQ,6E,6E320,2026-06-12,2026-06-14
1,DEL-PNQ,6E,6E320,2026-06-13,2026-06-14
2,DEL-PNQ,6E,6E320,2026-06-13,2026-06-15
1,DEL-PNQ,6E,6E320,2026-06-14,2026-06-15
1,DEL-PNQ,6E,6E320,2026-06-17,2026-06-18
1,DEL-PNQ,6E,6E320,2026-07-01,2026-07-02
1,DEL-PNQ,6E,6E320,2026-07-11,2026-07-12
1,DEL-PNQ,6E,6E320,2026-07-13,2026-07-14
2,DEL-PNQ,6E,6E320,2026-07-15,2026-07-17
1,DEL-PNQ,6E,6E320,2026-07-16,2026-07-17
1,DEL-PNQ,6E,6E320,2026-07-17,2026-07-18
1,DEL-PNQ,6E,6E320,2026-07-24,2026-07-25
2,DEL-PNQ,6E,6E320,2026-07-31,2026-08-02
1,DEL-PNQ,6E,6E320,2026-08-01,2026-08-02
1,DEL-PNQ,6E,6E320,2026-08-03,2026-08-04
2,DEL-PNQ,6E,6E320,2026-08-09,2026-08-11
1,DEL-PNQ,6E,6E320,2026-08-10,2026-08-11
2,DEL-PNQ,6E,6E320,2026-08-25,2026-08-27
1,DEL-PNQ,6E,6E320,2026-08-26,2026-08-27
2,DEL-PNQ,6E,6E320,2026-08-27,2026-08-29
1,DEL-PNQ,6E,6E320,2026-08-28,2026-08-29
2,DEL-PNQ,6E,6E320,2026-09-02,2026-09-04
1,DEL-PNQ,6E,6E320,2026-09-03,2026-09-04
2,DEL-PNQ,IX,IX570,2026-06-20,2026-06-22
1,DEL-PNQ,IX,IX570,2026-06-21,2026-06-22
5,DEL-PNQ,IX,IX570,2026-06-21,2026-06-26
2,DEL-PNQ,IX,IX570,2026-06-24,2026-06-26
1,DEL-PNQ,IX,IX570,2026-06-25,2026-06-26
2,DEL-PNQ,IX,IX570,2026-07-07,2026-07-09
1,DEL-PNQ,IX,IX570,2026-07-08,2026-07-09
2,DEL-PNQ,IX,IX570,2026-07-08,2026-07-10
1,DEL-PNQ,IX,IX570,2026-07-09,2026-07-10
2,DEL-PNQ,IX,IX570,2026-07-09,2026-07-11
1,DEL-PNQ,IX,IX570,2026-07-10,2026-07-11
5,DEL-PNQ,IX,IX570,2026-07-10,2026-07-15
1,DEL-PNQ,IX,IX570,2026-07-12,2026-07-13
2,DEL-PNQ,IX,IX570,2026-07-13,2026-07-15
1,DEL-PNQ,IX,IX570,2026-07-14,2026-07-15
2,DEL-PNQ,IX,IX570,2026-07-14,2026-07-16
1,DEL-PNQ,IX,IX570,2026-07-15,2026-07-16
2,DEL-PNQ,IX,IX570,2026-07-24,2026-07-26
1,DEL-PNQ,IX,IX570,2026-07-25,2026-07-26
1,DEL-PNQ,IX,IX570,2026-07-26,2026-07-27
1,DEL-PNQ,IX,IX570,2026-08-03,2026-08-04
1,DEL-PNQ,IX,IX570,2026-08-15,2026-08-16
2,DEL-PNQ,IX,IX570,2026-08-29,2026-08-31
1,DEL-PNQ,IX,IX570,2026-08-30,2026-08-31
1,DEL-PNQ,AI,AI321,2026-06-13,2026-06-14
5,DEL-PNQ,AI,AI321,2026-06-22,2026-06-27
2,DEL-PNQ,AI,AI321,2026-06-25,2026-06-27
1,DEL-PNQ,AI,AI321,2026-06-26,2026-06-27
2,DEL-PNQ,AI,AI321,2026-06-26,2026-06-28
1,DEL-PNQ,AI,AI321,2026-06-27,2026-06-28
2,DEL-PNQ,AI,AI321,2026-06-30,2026-07-02
1,DEL-PNQ,AI,AI321,2026-07-01,2026-07-02
2,DEL-PNQ,AI,AI321,2026-07-03,2026-07-05
1,DEL-PNQ,AI,AI321,2026-07-04,2026-07-05
2,DEL-PNQ,AI,AI321,2026-07-04,2026-07-06
1,DEL-PNQ,AI,AI321,2026-07-05,2026-07-06
1,DEL-PNQ,AI,AI321,2026-07-08,2026-07-09
2,DEL-PNQ,AI,AI321,2026-07-22,2026-07-24
1,DEL-PNQ,AI,AI321,2026-07-23,2026-07-24
1,DEL-PNQ,AI,AI321,2026-07-25,2026-07-26
2,DEL-PNQ,AI,AI321,2026-07-27,2026-07-29
1,DEL-PNQ,AI,AI321,2026-07-28,2026-07-29
1,DEL-PNQ,AI,AI321,2026-07-29,2026-07-30
2,DEL-PNQ,AI,AI321,2026-08-01,2026-08-03
1,DEL-PNQ,AI,AI321,2026-08-02,2026-08-03
1,DEL-PNQ,AI,AI321,2026-08-03,2026-08-04
5,DEL-PNQ,AI,AI321,2026-08-03,2026-08-08
2,DEL-PNQ,AI,AI321,2026-08-04,2026-08-06
1,DEL-PNQ,AI,AI321,2026-08-05,2026-08-06
2,DEL-PNQ,AI,AI321,2026-08-06,2026-08-08
1,DEL-PNQ,AI,AI321,2026-08-07,2026-08-08
1,DEL-PNQ,AI,AI321,2026-08-15,2026-08-16
1,DEL-PNQ,AI,AI321,2026-08-20,2026-08-21
2,DEL-PNQ,AI,AI321,2026-08-24,2026-08-26
1,DEL-PNQ,AI,AI321,2026-08-25,2026-08-26
1,DEL-PNQ,AI,AI321,2026-08-26,2026-08-27
1,DEL-PNQ,AI,AI321,2026-08-29,2026-08-30
2,DEL-PNQ,AI,AI321,2026-08-30,2026-09-01
1,DEL-PNQ,AI,AI321,2026-08-31,2026-09-01
1,DEL-PNQ,AI,AI321,2026-09-03,2026-09-04
2,PNQ-DEL,AI,AI198,2026-07-14,2026-07-16
1,PNQ-DEL,AI,AI198,2026-07-15,2026-07-16
2,PNQ-DEL,AI,AI198,2026-07-15,2026-07-17
1,PNQ-DEL,AI,AI198,2026-07-16,2026-07-17
2,PNQ-DEL,AI,AI198,2026-07-20,2026-07-22
1,PNQ-DEL,AI,AI198,2026-07-21,2026-07-22
1,PNQ-DEL,AI,AI198,2026-07-27,2026-07-28
2,PNQ-DEL,AI,AI198,2026-07-28,2026-07-30
1,PNQ-DEL,AI,AI198,2026-07-29,2026-07-30
1,PNQ-DEL,AI,AI198,2026-08-11,2026-08-12
2,PNQ-DEL,AI,AI198,2026-08-11,2026-08-13
1,PNQ-DEL,AI,AI198,2026-08-12,2026-08-13
2,PNQ-DEL,AI,AI198,2026-08-12,2026-08-14
1,PNQ-DEL,AI,AI198,2026-08-13,2026-08-14
1,PNQ-DEL,AI,AI198,2026-08-14,2026-08-15
2,PNQ-DEL,AI,AI198,2026-08-17,2026-08-19
1,PNQ-DEL,AI,AI198,2026-08-18,2026-08-19
1,PNQ-DEL,AI,AI198,2026-08-26,2026-08-27
2,PNQ-DEL,AI,AI198,2026-08-29,2026-08-31
1,PNQ-DEL,AI,AI198,2026-08-30,2026-08-31
1,PNQ-DEL,AI,AI198,2026-08-31,2026-09-01
2,PNQ-DEL,QP,QP122,2026-06-07,2026-06-09
1,PNQ-DEL,QP,QP122,2026-06-08,2026-06-09
2,PNQ-DEL,QP,QP122,2026-06-13,2026-06-15
1,PNQ-DEL,QP,QP122,2026-06-14,2026-06-15
2,PNQ-DEL,QP,QP122,2026-06-16,2026-06-18
1,PNQ-DEL,QP,QP122,2026-06-17,2026-06-18
2,PNQ-DEL,QP,QP122,2026-06-17,2026-06-19
1,PNQ-DEL,QP,QP122,2026-06-18,2026-06-19
1,PNQ-DEL,QP,QP122,2026-06-23,2026-06-24
2,PNQ-DEL,QP,QP122,2026-07-07,2026-07-09
1,PNQ-DEL,QP,QP122,2026-07-08,2026-07-09
2,PNQ-DEL,QP,QP122,2026-07-08,2026-07-10
1,PNQ-DEL,QP,QP122,2026-07-09,2026-07-10
1,PNQ-DEL,QP,QP122,2026-07-12,2026-07-13
1,PNQ-DEL,QP,QP122,2026-07-13,2026-07-14
1,PNQ-DEL,QP,QP122,2026-07-14,2026-07-15
2,PNQ-DEL,QP,QP122,2026-07-21,2026-07-23
1,PNQ-DEL,QP,QP122,2026-07-22,2026-07-23
2,PNQ-DEL,QP,QP122,2026-08-05,2026-08-07
1,PNQ-DEL,QP,QP122,2026-08-06,2026-08-07
2,PNQ-DEL,QP,QP122,2026-08-24,2026-08-26
1,PNQ-DEL,QP,QP122,2026-08-25,2026-08-26
2,PNQ-DEL,QP,QP122,2026-08-25,2026-08-27
1,PNQ-DEL,QP,QP122,2026-08-26,2026-08-27
1,PNQ-DEL,QP,QP122,2026-08-29,2026-08-30
1,PNQ-DEL,QP,QP122,2026-09-01,2026-09-02
1,PNQ-DEL,SG,SG583,2026-06-12,2026-06-13
5,PNQ-DEL,SG,SG583,2026-06-15,2026-06-20
2,PNQ-DEL,SG,SG583,2026-06-18,2026-06-20
1,PNQ-DEL,SG,SG583,2026-06-19,2026-06-20
1,PNQ-DEL,SG,SG583,2026-06-27,2026-06-28
2,PNQ-DEL,SG,SG583,2026-06-30,2026-07-02
1,PNQ-DEL,SG,SG583,2026-07-01,2026-07-02
2,PNQ-DEL,SG,SG583,2026-07-02,2026-07-04
1,PNQ-DEL,SG,SG583,2026-07-03,2026-07-04
2,PNQ-DEL,SG,SG583,2026-07-18,2026-07-20
1,PNQ-DEL,SG,SG583,2026-07-19,2026-07-20
1,PNQ-DEL,SG,SG583,2026-08-01,2026-08-02
1,PNQ-DEL,SG,SG583,2026-08-02,2026-08-03
2,PNQ-DEL,SG,SG583,2026-08-02,2026-08-04
1,PNQ-DEL,SG,SG583,2026-08-03,2026-08-04
2,PNQ-DEL,SG,SG583,2026-08-03,2026-08-05
1,PNQ-DEL,SG,SG583,2026-08-04,2026-08-05
5,PNQ-DEL,SG,SG583,2026-08-21,2026-08-26
2,PNQ-DEL,SG,SG583,2026-08-24,2026-08-26
1,PNQ-DEL,SG,SG583,2026-08-25,2026-08-26
2,PNQ-DEL,6E,6E581,2026-06-09,2026-06-11
1,PNQ-DEL,6E,6E581,2026-06-10,2026-06-11
1,PNQ-DEL,6E,6E581,2026-06-13,2026-06-14
1,PNQ-DEL,6E,6E581,2026-06-17,2026-06-18
1,PNQ-DEL,6E,6E581,2026-06-19,2026-06-20
1,PNQ-DEL,6E,6E581,2026-06-27,2026-06-28
5,PNQ-DEL,6E,6E581,2026-07-11,2026-07-16
1,PNQ-DEL,6E,6E581,2026-07-12,2026-07-13
2,PNQ-DEL,6E,6E581,2026-07-14,2026-07-16
1,PNQ-DEL,6E,6E581,2026-07-15,2026-07-16
2,PNQ-DEL,6E,6E581,2026-07-23,2026-07-25
1,PNQ-DEL,6E,6E581,2026-07-24,2026-07-25
2,PNQ-DEL,6E,6E581,2026-07-25,2026-07-27
1,PNQ-DEL,6E,6E581,2026-07-26,2026-07-27
2,PNQ-DEL,6E,6E581,2026-07-31,2026-08-02
1,PNQ-DEL,6E,6E581,2026-08-01,2026-08-02
1,PNQ-DEL,6E,6E581,2026-08-03,2026-08-04
2,PNQ-DEL,6E,6E581,2026-08-08,2026-08-10
1,PNQ-DEL,6E,6E581,2026-08-09,2026-08-10
2,PNQ-DEL,6E,6E581,2026-08-22,2026-08-24
1,PNQ-DEL,6E,6E581,2026-08-23,2026-08-24
2,PNQ-DEL,6E,6E581,2026-08-24,2026-08-26
1,PNQ-DEL,6E,6E581,2026-08-25,2026-08-26
2,PNQ-DEL,6E,6E581,2026-08-25,2026-08-27
1,PNQ-DEL,6E,6E581,2026-08-26,2026-08-27
5,PNQ-DEL,6E,6E581,2026-09-03,2026-09-08
2,BOM-CCU,AI,AI124,2026-06-11,2026-06-13
1,BOM-CCU,AI,AI124,2026-06-12,2026-06-13
2,BOM-CCU,AI,AI124,2026-06-14,2026-06-16
1,BOM-CCU,AI,AI124,2026-06-15,2026-06-16
1,BOM-CCU,AI,AI124,2026-06-21,2026-06-22
2,BOM-CCU,AI,AI124,2026-06-24,2026-06-26
1,BOM-CCU,AI,AI124,2026-06-25,2026-06-26
1,BOM-CCU,AI,AI124,2026-07-01,2026-07-02
2,BOM-CCU,AI,AI124,2026-07-07,2026-07-09
1,BOM-CCU,AI,AI124,2026-07-08,2026-07-09
2,BOM-CCU,AI,AI124,2026-07-08,2026-07-10
1,BOM-CCU,AI,AI124,2026-07-09,2026-07-10
2,BOM-CCU,AI,AI124,2026-07-12,2026-07-14
1,BOM-CCU,AI,AI124,2026-07-13,2026-07-14
1,BOM-CCU,AI,AI124,2026-07-28,2026-07-29
2,BOM-CCU,AI,AI124,2026-08-04,2026-08-06
1,BOM-CCU,AI,AI124,2026-08-05,2026-08-06
5,BOM-CCU,AI,AI124,2026-08-10,2026-08-15
2,BOM-CCU,AI,AI124,2026-08-13,2026-08-15
1,BOM-CCU,AI,AI124,2026-08-14,2026-08-15
1,BOM-CCU,AI,AI124,2026-08-15,2026-08-16
2,BOM-CCU,AI,AI124,2026-08-16,2026-08-18
1,BOM-CCU,AI,AI124,2026-08-17,2026-08-18
2,BOM-CCU,AI,AI124,2026-08-17,2026-08-19
1,BOM-CCU,AI,AI124,2026-08-18,2026-08-19
2,BOM-CCU,AI,AI124,2026-08-22,2026-08-24
1,BOM-CCU,AI,AI124,2026-08-23,2026-08-24
2,BOM-CCU,AI,AI124,2026-08-23,2026-08-25
1,BOM-CCU,AI,AI124,2026-08-24,2026-08-25
2,BOM-CCU,AI,AI124,2026-08-25,2026-08-27
1,BOM-CCU,AI,AI124,2026-08-26,2026-08-27
5,BOM-CCU,AI,AI124,2026-08-26,2026-08-31
2,BOM-CCU,AI,AI124,2026-08-28,2026-08-30
1,BOM-CCU,AI,AI124,2026-08-29,2026-08-30
2,BOM-CCU,AI,AI124,2026-08-29,2026-08-31
1,BOM-CCU,AI,AI124,2026-08-30,2026-08-31
2,BOM-CCU,AI,AI124,2026-08-31,2026-09-02
1,BOM-CCU,AI,AI124,2026-09-01,2026-09-02
1,BOM-CCU,IX,IX591,2026-06-10,2026-06-11
1,BOM-CCU,IX,IX591,2026-06-24,2026-06-25
2,BOM-CCU,IX,IX591,2026-06-25,2026-06-27
1,BOM-CCU,IX,IX591,2026-06-26,2026-06-27
1,BOM-CCU,IX,IX591,2026-07-15,2026-07-16
1,BOM-CCU,IX,IX591,2026-07-20,2026-07-21
1,BOM-CCU,IX,IX591,2026-07-22,2026-07-23
1,BOM-CCU,IX,IX591,2026-07-27,2026-07-28
2,BOM-CCU,IX,IX591,2026-07-27,2026-07-29
1,BOM-CCU,IX,IX591,2026-07-28,2026-07-29
1,BOM-CCU,IX,IX591,2026-07-30,2026-07-31
2,BOM-CCU,IX,IX591,2026-08-02,2026-08-04
1,BOM-CCU,IX,IX591,2026-08-03,2026-08-04
2,BOM-CCU,IX,IX591,2026-08-05,2026-08-07
1,BOM-CCU,IX,IX591,2026-08-06,2026-08-07
2,BOM-CCU,IX,IX591,2026-08-06,2026-08-08
1,BOM-CCU,IX,IX591,2026-08-07,2026-08-08
2,BOM-CCU,IX,IX591,2026-08-07,2026-08-09
1,BOM-CCU,IX,IX591,2026-08-08,2026-08-09
1,BOM-CCU,IX,IX591,2026-08-13,2026-08-14
1,BOM-CCU,IX,IX591,2026-08-28,2026-08-29
5,BOM-CCU,IX,IX591,2026-08-29,2026-09-03
2,BOM-CCU,IX,IX591,2026-08-30,2026-09-01
1,BOM-CCU,IX,IX591,2026-08-31,2026-09-01
2,BOM-CCU,IX,IX591,2026-09-01,2026-09-03
1,BOM-CCU,IX,IX591,2026-09-02,2026-09-03
2,BOM-CCU,IX,IX591,2026-09-02,2026-09-04
1,BOM-CCU,IX,IX591,2026-09-03,2026-09-04
1,BOM-CCU,6E,6E372,2026-06-07,2026-06-08
1,BOM-CCU,6E,6E372,2026-06-09,2026-06-10
2,BOM-CCU,6E,6E372,2026-06-22,2026-06-24
1,BOM-CCU,6E,6E372,2026-06-23,2026-06-24
1,BOM-CCU,6E,6E372,2026-06-25,2026-06-26
1,BOM-CCU,6E,6E372,2026-06-27,2026-06-28
1,BOM-CCU,6E,6E372,2026-06-30,2026-07-01
1,BOM-CCU,6E,6E372,2026-07-11,2026-07-12
2,BOM-CCU,6E,6E372,2026-07-15,2026-07-17
1,BOM-CCU,6E,6E372,2026-07-16,2026-07-17
2,BOM-CCU,6E,6E372,2026-07-20,2026-07-22
1,BOM-CCU,6E,6E372,2026-07-21,2026-07-22
2,BOM-CCU,6E,6E372,2026-07-21,2026-07-23
1,BOM-CCU,6E,6E372,2026-07-22,2026-07-23
2,BOM-CCU,6E,6E372,2026-07-27,2026-07-29
1,BOM-CCU,6E,6E372,2026-07-28,2026-07-29
5,BOM-CCU,6E,6E372,2026-08-07,2026-08-12
1,BOM-CCU,6E,6E372,2026-08-10,2026-08-11
2,BOM-CCU,6E,6E372,2026-08-10,2026-08-12
5,BOM-CCU,6E,6E372,2026-08-10,2026-08-15
1,BOM-CCU,6E,6E372,2026-08-11,2026-08-12
2,BOM-CCU,6E,6E372,2026-08-11,2026-08-13
1,BOM-CCU,6E,6E372,2026-08-12,2026-08-13
2,BOM-CCU,6E,6E372,2026-08-13,2026-08-15
1,BOM-CCU,6E,6E372,2026-08-14,2026-08-15
5,BOM-CCU,6E,6E372,2026-08-14,2026-08-19
2,BOM-CCU,6E,6E372,2026-08-17,2026-08-19
1,BOM-CCU,6E,6E372,2026-08-18,2026-08-19
1,BOM-CCU,6E,6E372,2026-08-21,2026-08-22
2,BOM-CCU,6E,6E372,2026-08-23,2026-08-25
1,BOM-CCU,6E,6E372,2026-08-24,2026-08-25
2,BOM-CCU,6E,6E372,2026-08-27,2026-08-29
1,BOM-CCU,6E,6E372,2026-08-28,2026-08-29
1,BOM-CCU,SG,SG629,2026-06-06,2026-06-07
1,BOM-CCU,SG,SG629,2026-06-17,2026-06-18
2,BOM-CCU,SG,SG629,2026-06-18,2026-06-20
1,BOM-CCU,SG,SG629,2026-06-19,2026-06-20
2,BOM-CCU,SG,SG629,2026-06-22,2026-06-24
1,BOM-CCU,SG,SG629,2026-06-23,2026-06-24
2,BOM-CCU,SG,SG629,2026-06-25,2026-06-27
5,BOM-CCU,SG,SG629,2026-06-25,2026-06-30
1,BOM-CCU,SG,SG629,2026-06-26,2026-06-27
2,BOM-CCU,SG,SG629,2026-06-27,2026-06-29
1,BOM-CCU,SG,SG629,2026-06-28,2026-06-29
2,BOM-CCU,SG,SG629,2026-06-28,2026-06-30
1,BOM-CCU,SG,SG629,2026-06-29,2026-06-30
2,BOM-CCU,SG,SG629,2026-07-01,2026-07-03
1,BOM-CCU,SG,SG629,2026-07-02,2026-07-03
1,BOM-CCU,SG,SG629,2026-07-18,2026-07-19
1,BOM-CCU,SG,SG629,2026-07-23,2026-07-24
1,BOM-CCU,SG,SG629,2026-07-27,2026-07-28
2,BOM-CCU,SG,SG629,2026-07-31,2026-08-02
1,BOM-CCU,SG,SG629,2026-08-01,2026-08-02
1,BOM-CCU,SG,SG629,2026-08-15,2026-08-16
2,BOM-CCU,SG,SG629,2026-08-15,2026-08-17
1,BOM-CCU,SG,SG629,2026-08-16,2026-08-17
2,BOM-CCU,SG,SG629,2026-08-22,2026-08-24
1,BOM-CCU,SG,SG629,2026-08-23,2026-08-24
2,BOM-CCU,SG,SG629,2026-08-24,2026-08-26
1,BOM-CCU,SG,SG629,2026-08-25,2026-08-26
1,BOM-CCU,SG,SG629,2026-08-29,2026-08-30
1,BOM-CCU,SG,SG629,2026-09-01,2026-09-02
5,BOM-CCU,SG,SG629,2026-09-01,2026-09-06
5,BOM-CCU,SG,SG629,2026-09-02,2026-09-07
2,CCU-BOM,6E,6E715,2026-06-06,2026-06-08
1,CCU-BOM,6E,6E715,2026-06-07,2026-06-08
2,CCU-BOM,6E,6E715,2026-06-10,2026-06-12
1,CCU-BOM,6E,6E715,2026-06-11,2026-06-12
2,CCU-BOM,6E,6E715,2026-06-11,2026-06-13
1,CCU-BOM,6E,6E715,2026-06-12,2026-06-13
1,CCU-BOM,6E,6E715,2026-06-18,2026-06-19
2,CCU-BOM,6E,6E715,2026-06-19,2026-06-21
1,CCU-BOM,6E,6E715,2026-06-20,2026-06-21
1,CCU-BOM,6E,6E715,2026-07-02,2026-07-03
1,CCU-BOM,6E,6E715,2026-07-04,2026-07-05
1,CCU-BOM,6E,6E715,2026-07-08,2026-07-09
1,CCU-BOM,6E,6E715,2026-07-10,2026-07-11
1,CCU-BOM,6E,6E715,2026-07-17,2026-07-18
1,CCU-BOM,6E,6E715,2026-07-18,2026-07-19
1,CCU-BOM,6E,6E715,2026-07-19,2026-07-20
2,CCU-BOM,6E,6E715,2026-07-26,2026-07-28
1,CCU-BOM,6E,6E715,2026-07-27,2026-07-28
1,CCU-BOM,6E,6E715,2026-07-28,2026-07-29
2,CCU-BOM,6E,6E715,2026-07-28,2026-07-30
1,CCU-BOM,6E,6E715,2026-07-29,2026-07-30
2,CCU-BOM,6E,6E715,2026-08-04,2026-08-06
1,CCU-BOM,6E,6E715,2026-08-05,2026-08-06
1,CCU-BOM,6E,6E715,2026-08-06,2026-08-07
2,CCU-BOM,6E,6E715,2026-08-08,2026-08-10
1,CCU-BOM,6E,6E715,2026-08-09,2026-08-10
2,CCU-BOM,6E,6E715,2026-08-12,2026-08-14
1,CCU-BOM,6E,6E715,2026-08-13,2026-08-14
2,CCU-BOM,6E,6E715,2026-08-17,2026-08-19
1,CCU-BOM,6E,6E715,2026-08-18,2026-08-19
1,CCU-BOM,6E,6E715,2026-08-30,2026-08-31
2,CCU-BOM,QP,QP690,2026-06-07,2026-06-09
1,CCU-BOM,QP,QP690,2026-06-08,2026-06-09
1,CCU-BOM,QP,QP690,2026-06-10,2026-06-11
1,CCU-BOM,QP,QP690,2026-06-11,2026-06-12
2,CCU-BOM,QP,QP690,2026-06-13,2026-06-15
1,CCU-BOM,QP,QP690,2026-06-14,2026-06-15
2,CCU-BOM,QP,QP690,2026-06-16,2026-06-18
1,CCU-BOM,QP,QP690,2026-06-17,2026-06-18
1,CCU-BOM,QP,QP690,2026-06-24,2026-06-25
1,CCU-BOM,QP,QP690,2026-06-26,2026-06-27
2,CCU-BOM,QP,QP690,2026-07-08,2026-07-10
1,CCU-BOM,QP,QP690,2026-07-09,2026-07-10
1,CCU-BOM,QP,QP690,2026-07-16,2026-07-17
2,CCU-BOM,QP,QP690,2026-07-19,2026-07-21
1,CCU-BOM,QP,QP690,2026-07-20,2026-07-21
2,CCU-BOM,QP,QP690,2026-07-25,2026-07-27
1,CCU-BOM,QP,QP690,2026-07-26,2026-07-27
1,CCU-BOM,QP,QP690,2026-07-29,2026-07-30
2,CCU-BOM,QP,QP690,2026-08-04,2026-08-06
1,CCU-BOM,QP,QP690,2026-08-05,2026-08-06
2,CCU-BOM,QP,QP690,2026-08-10,2026-08-12
1,CCU-BOM,QP,QP690,2026-08-11,2026-08-12
2,CCU-BOM,QP,QP690,2026-08-15,2026-08-17
1,CCU-BOM,QP,QP690,2026-08-16,2026-08-17
2,CCU-BOM,QP,QP690,2026-08-22,2026-08-24
1,CCU-BOM,QP,QP690,2026-08-23,2026-08-24
2,CCU-BOM,QP,QP690,2026-08-23,2026-08-25
1,CCU-BOM,QP,QP690,2026-08-24,2026-08-25
2,CCU-BOM,QP,QP690,2026-08-26,2026-08-28
1,CCU-BOM,QP,QP690,2026-08-27,2026-08-28
1,CCU-BOM,QP,QP690,2026-08-28,2026-08-29
1,CCU-BOM,SG,SG476,2026-06-12,2026-06-13
2,CCU-BOM,SG,SG476,2026-06-13,2026-06-15
1,CCU-BOM,SG,SG476,2026-06-14,2026-06-15
2,CCU-BOM,SG,SG476,2026-06-16,2026-06-18
1,CCU-BOM,SG,SG476,2026-06-17,2026-06-18
2,CCU-BOM,SG,SG476,2026-06-21,2026-06-23
1,CCU-BOM,SG,SG476,2026-06-22,2026-06-23
2,CCU-BOM,SG,SG476,2026-07-05,2026-07-07
1,CCU-BOM,SG,SG476,2026-07-06,2026-07-07
2,CCU-BOM,SG,SG476,2026-07-09,2026-07-11
1,CCU-BOM,SG,SG476,2026-07-10,2026-07-11
1,CCU-BOM,SG,SG476,2026-07-11,2026-07-12
1,CCU-BOM,SG,SG476,2026-07-16,2026-07-17
2,CCU-BOM,SG,SG476,2026-07-17,2026-07-19
1,CCU-BOM,SG,SG476,2026-07-18,2026-07-19
2,CCU-BOM,SG,SG476,2026-07-20,2026-07-22
1,CCU-BOM,SG,SG476,2026-07-21,2026-07-22
1,CCU-BOM,SG,SG476,2026-07-27,2026-07-28
2,CCU-BOM,SG,SG476,2026-08-05,2026-08-07
1,CCU-BOM,SG,SG476,2026-08-06,2026-08-07
1,CCU-BOM,SG,SG476,2026-08-07,2026-08-08
1,CCU-BOM,SG,SG476,2026-08-12,2026-08-13
2,CCU-BOM,SG,SG476,2026-08-26,2026-08-28
1,CCU-BOM,SG,SG476,2026-08-27,2026-08-28
1,CCU-BOM,SG,SG476,2026-09-01,2026-09-02
2,DEL-AMD,QP,QP775,2026-06-13,2026-06-15
1,DEL-AMD,QP,QP775,2026-06-14,2026-06-15
2,DEL-AMD,QP,QP775,2026-06-14,2026-06-16
1,DEL-AMD,QP,QP775,2026-06-15,2026-06-16
1,DEL-AMD,QP,QP775,2026-06-21,2026-06-22
2,DEL-AMD,QP,QP775,2026-06-21,2026-06-23
1,DEL-AMD,QP,QP775,2026-06-22,2026-06-23
1,DEL-AMD,QP,QP775,2026-06-27,2026-06-28
1,DEL-AMD,QP,QP775,2026-07-05,2026-07-06
1,DEL-AMD,QP,QP775,2026-07-13,2026-07-14
1,DEL-AMD,QP,QP775,2026-07-15,2026-07-16
1,DEL-AMD,QP,QP775,2026-07-19,2026-07-20
1,DEL-AMD,QP,QP775,2026-07-20,2026-07-21
1,DEL-AMD,QP,QP775,2026-08-02,2026-08-03
1,DEL-AMD,QP,QP775,2026-08-07,2026-08-08
1,DEL-AMD,QP,QP775,2026-08-17,2026-08-18
1,DEL-AMD,QP,QP775,2026-08-19,2026-08-20
5,DEL-AMD,QP,QP775,2026-08-19,2026-08-24
2,DEL-AMD,QP,QP775,2026-08-21,2026-08-23
1,DEL-AMD,QP,QP775,2026-08-22,2026-08-23
2,DEL-AMD,QP,QP775,2026-08-22,2026-08-24
1,DEL-AMD,QP,QP775,2026-08-23,2026-08-24
2,DEL-AMD,6E,6E943,2026-06-06,2026-06-08
1,DEL-AMD,6E,6E943,2026-06-07,2026-06-08
2,DEL-AMD,6E,6E943,2026-06-09,2026-06-11
1,DEL-AMD,6E,6E943,2026-06-10,2026-06-11
1,DEL-AMD,6E,6E943,2026-06-12,2026-06-13
2,DEL-AMD,6E,6E943,2026-06-18,2026-06-20
1,DEL-AMD,6E,6E943,2026-06-19,2026-06-20
1,DEL-AMD,6E,6E943,2026-06-20,2026-06-21
1,DEL-AMD,6E,6E943,2026-06-23,2026-06-24
1,DEL-AMD,6E,6E943,2026-07-04,2026-07-05
1,DEL-AMD,6E,6E943,2026-07-12,2026-07-13
2,DEL-AMD,6E,6E943,2026-07-17,2026-07-19
1,DEL-AMD,6E,6E943,2026-07-18,2026-07-19
2,DEL-AMD,6E,6E943,2026-07-19,2026-07-21
1,DEL-AMD,6E,6E943,2026-07-20,2026-07-21
1,DEL-AMD,6E,6E943,2026-07-24,2026-07-25
1,DEL-AMD,6E,6E943,2026-07-25,2026-07-26
1,DEL-AMD,6E,6E943,2026-07-31,2026-08-01
1,DEL-AMD,6E,6E943,2026-08-06,2026-08-07
2,DEL-AMD,6E,6E943,2026-08-07,2026-08-09
1,DEL-AMD,6E,6E943,2026-08-08,2026-08-09
1,DEL-AMD,6E,6E943,2026-08-12,2026-08-13
1,DEL-AMD,6E,6E943,2026-08-17,2026-08-18
2,DEL-AMD,6E,6E943,2026-08-23,2026-08-25
1,DEL-AMD,6E,6E943,2026-08-24,2026-08-25
1,DEL-AMD,6E,6E943,2026-08-25,2026-08-26
1,DEL-AMD,6E,6E943,2026-08-27,2026-08-28
1,DEL-AMD,6E,6E943,2026-08-29,2026-08-30
1,DEL-AMD,6E,6E943,2026-08-31,2026-09-01
2,DEL-AMD,6E,6E943,2026-09-03,2026-09-05
1,DEL-AMD,AI,AI319,2026-06-06,2026-06-07
2,DEL-AMD,AI,AI319,2026-06-06,2026-06-08
1,DEL-AMD,AI,AI319,2026-06-07,2026-06-08
2,DEL-AMD,AI,AI319,2026-06-13,2026-06-15
1,DEL-AMD,AI,AI319,2026-06-14,2026-06-15
2,DEL-AMD,AI,AI319,2026-06-18,2026-06-20
1,DEL-AMD,AI,AI319,2026-06-19,2026-06-20
2,DEL-AMD,AI,AI319,2026-06-21,2026-06-23
1,DEL-AMD,AI,AI319,2026-06-22,2026-06-23
2,DEL-AMD,AI,AI319,2026-06-23,2026-06-25
1,DEL-AMD,AI,AI319,2026-06-24,2026-06-25
2,DEL-AMD,AI,AI319,2026-06-25,2026-06-27
1,DEL-AMD,AI,AI319,2026-06-26,2026-06-27
1,DEL-AMD,AI,AI319,2026-06-30,2026-07-01
2,DEL-AMD,AI,AI319,2026-07-01,2026-07-03
1,DEL-AMD,AI,AI319,2026-07-02,2026-07-03
5,DEL-AMD,AI,AI319,2026-07-02,2026-07-07
1,DEL-AMD,AI,AI319,2026-07-03,2026-07-04
2,DEL-AMD,AI,AI319,2026-07-05,2026-07-07
1,DEL-AMD,AI,AI319,2026-07-06,2026-07-07
2,DEL-AMD,AI,AI319,2026-07-23,2026-07-25
1,DEL-AMD,AI,AI319,2026-07-24,2026-07-25
1,DEL-AMD,AI,AI319,2026-07-25,2026-07-26
2,DEL-AMD,AI,AI319,2026-07-26,2026-07-28
1,DEL-AMD,AI,AI319,2026-07-27,2026-07-28
1,DEL-AMD,AI,AI319,2026-08-08,2026-08-09
1,DEL-AMD,AI,AI319,2026-08-23,2026-08-24
2,DEL-AMD,AI,AI319,2026-08-23,2026-08-25
1,DEL-AMD,AI,AI319,2026-08-24,2026-08-25
1,DEL-AMD,AI,AI319,2026-08-25,2026-08-26
2,DEL-AMD,AI,AI319,2026-08-29,2026-08-31
1,DEL-AMD,AI,AI319,2026-08-30,2026-08-31
2,DEL-AMD,SG,SG198,2026-06-12,2026-06-14
1,DEL-AMD,SG,SG198,2026-06-13,2026-06-14
2,DEL-AMD,SG,SG198,2026-06-16,2026-06-18
1,DEL-AMD,SG,SG198,2026-06-17,2026-06-18
2,DEL-AMD,SG,SG198,2026-06-18,2026-06-20
1,DEL-AMD,SG,SG198,2026-06-19,2026-06-20
1,DEL-AMD,SG,SG198,2026-06-22,2026-06-23
2,DEL-AMD,SG,SG198,2026-06-26,2026-06-28
1,DEL-AMD,SG,SG198,2026-06-27,2026-06-28
1,DEL-AMD,SG,SG198,2026-07-02,2026-07-03
1,DEL-AMD,SG,SG198,2026-07-18,2026-07-19
2,DEL-AMD,SG,SG198,2026-07-20,2026-07-22
1,DEL-AMD,SG,SG198,2026-07-21,2026-07-22
2,DEL-AMD,SG,SG198,2026-07-23,2026-07-25
1,DEL-AMD,SG,SG198,2026-07-24,2026-07-25
2,DEL-AMD,SG,SG198,2026-07-26,2026-07-28
1,DEL-AMD,SG,SG198,2026-07-27,2026-07-28
2,DEL-AMD,SG,SG198,2026-07-28,2026-07-30
1,DEL-AMD,SG,SG198,2026-07-29,2026-07-30
2,DEL-AMD,SG,SG198,2026-08-18,2026-08-20
1,DEL-AMD,SG,SG198,2026-08-19,2026-08-20
2,DEL-AMD,SG,SG198,2026-08-24,2026-08-26
1,DEL-AMD,SG,SG198,2026-08-25,2026-08-26
1,DEL-AMD,SG,SG198,2026-08-28,2026-08-29
2,DEL-AMD,SG,SG198,2026-08-28,2026-08-30
1,DEL-AMD,SG,SG198,2026-08-29,2026-08-30
1,DEL-AMD,SG,SG198,2026-08-31,2026-09-01
1,DEL-AMD,SG,SG198,2026-09-02,2026-09-03
2,DEL-AMD,IX,IX751,2026-06-10,2026-06-12
1,DEL-AMD,IX,IX751,2026-06-11,2026-06-12
2,DEL-AMD,IX,IX751,2026-06-19,2026-06-21
1,DEL-AMD,IX,IX751,2026-06-20,2026-06-21
2,DEL-AMD,IX,IX751,2026-07-04,2026-07-06
1,DEL-AMD,IX,IX751,2026-07-05,2026-07-06
1,DEL-AMD,IX,IX751,2026-07-06,2026-07-07
2,DEL-AMD,IX,IX751,2026-07-09,2026-07-11
1,DEL-AMD,IX,IX751,2026-07-10,2026-07-11
2,DEL-AMD,IX,IX751,2026-07-15,2026-07-17
1,DEL-AMD,IX,IX751,2026-07-16,2026-07-17
1,DEL-AMD,IX,IX751,2026-07-17,2026-07-18
2,DEL-AMD,IX,IX751,2026-07-29,2026-07-31
1,DEL-AMD,IX,IX751,2026-07-30,2026-07-31
1,DEL-AMD,IX,IX751,2026-08-04,2026-08-05
2,DEL-AMD,IX,IX751,2026-08-08,2026-08-10
1,DEL-AMD,IX,IX751,2026-08-09,2026-08-10
2,DEL-AMD,IX,IX751,2026-08-17,2026-08-19
1,DEL-AMD,IX,IX751,2026-08-18,2026-08-19
2,DEL-AMD,IX,IX751,2026-08-20,2026-08-22
1,DEL-AMD,IX,IX751,2026-08-21,2026-08-22
2,DEL-AMD,IX,IX751,2026-08-26,2026-08-28
1,DEL-AMD,IX,IX751,2026-08-27,2026-08-28
1,DEL-AMD,IX,IX751,2026-09-02,2026-09-03
1,AMD-DEL,AI,AI870,2026-06-11,2026-06-12
2,AMD-DEL,AI,AI870,2026-06-19,2026-06-21
1,AMD-DEL,AI,AI870,2026-06-20,2026-06-21
1,AMD-DEL,AI,AI870,2026-06-24,2026-06-25
1,AMD-DEL,AI,AI870,2026-06-30,2026-07-01
5,AMD-DEL,AI,AI870,2026-07-06,2026-07-11
2,AMD-DEL,AI,AI870,2026-07-08,2026-07-10
1,AMD-DEL,AI,AI870,2026-07-09,2026-07-10
2,AMD-DEL,AI,AI870,2026-07-09,2026-07-11
1,AMD-DEL,AI,AI870,2026-07-10,2026-07-11
1,AMD-DEL,AI,AI870,2026-07-17,2026-07-18
2,AMD-DEL,AI,AI870,2026-07-18,2026-07-20
1,AMD-DEL,AI,AI870,2026-07-19,2026-07-20
2,AMD-DEL,AI,AI870,2026-07-21,2026-07-23
1,AMD-DEL,AI,AI870,2026-07-22,2026-07-23
1,AMD-DEL,AI,AI870,2026-07-23,2026-07-24
2,AMD-DEL,AI,AI870,2026-07-25,2026-07-27
1,AMD-DEL,AI,AI870,2026-07-26,2026-07-27
2,AMD-DEL,AI,AI870,2026-07-31,2026-08-02
1,AMD-DEL,AI,AI870,2026-08-01,2026-08-02
1,AMD-DEL,AI,AI870,2026-08-02,2026-08-03
1,AMD-DEL,AI,AI870,2026-08-09,2026-08-10
2,AMD-DEL,AI,AI870,2026-08-10,2026-08-12
1,AMD-DEL,AI,AI870,2026-08-11,2026-08-12
2,AMD-DEL,AI,AI870,2026-08-15,2026-08-17
1,AMD-DEL,AI,AI870,2026-08-16,2026-08-17
1,AMD-DEL,AI,AI870,2026-08-17,2026-08-18
1,AMD-DEL,AI,AI870,2026-08-18,2026-08-19
1,AMD-DEL,AI,AI870,2026-08-21,2026-08-22
1,AMD-DEL,AI,AI870,2026-08-24,2026-08-25
2,AMD-DEL,AI,AI870,2026-08-27,2026-08-29
1,AMD-DEL,AI,AI870,2026-08-28,2026-08-29
1,AMD-DEL,AI,AI870,2026-09-03,2026-09-04
2,AMD-DEL,6E,6E868,2026-06-06,2026-06-08
1,AMD-DEL,6E,6E868,2026-06-07,2026-06-08
2,AMD-DEL,6E,6E868,2026-06-10,2026-06-12
1,AMD-DEL,6E,6E868,2026-06-11,2026-06-12
2,AMD-DEL,6E,6E868,2026-06-12,2026-06-14
1,AMD-DEL,6E,6E868,2026-06-13,2026-06-14
1,AMD-DEL,6E,6E868,2026-06-16,2026-06-17
1,AMD-DEL,6E,6E868,2026-06-21,2026-06-22
2,AMD-DEL,6E,6E868,2026-06-25,2026-06-27
1,AMD-DEL,6E,6E868,2026-06-26,2026-06-27
1,AMD-DEL,6E,6E868,2026-06-30,2026-07-01
2,AMD-DEL,6E,6E868,2026-06-30,2026-07-02
1,AMD-DEL,6E,6E868,2026-07-01,2026-07-02
1,AMD-DEL,6E,6E868,2026-07-04,2026-07-05
2,AMD-DEL,6E,6E868,2026-07-05,2026-07-07
1,AMD-DEL,6E,6E868,2026-07-06,2026-07-07
1,AMD-DEL,6E,6E868,2026-07-09,2026-07-10
1,AMD-DEL,6E,6E868,2026-07-12,2026-07-13
1,AMD-DEL,6E,6E868,2026-07-18,2026-07-19
2,AMD-DEL,6E,6E868,2026-07-18,2026-07-20
1,AMD-DEL,6E,6E868,2026-07-19,2026-07-20
1,AMD-DEL,6E,6E868,2026-07-21,2026-07-22
2,AMD-DEL,6E,6E868,2026-07-28,2026-07-30
1,AMD-DEL,6E,6E868,2026-07-29,2026-07-30
1,AMD-DEL,6E,6E868,2026-08-02,2026-08-03
1,AMD-DEL,6E,6E868,2026-08-11,2026-08-12
5,AMD-DEL,6E,6E868,2026-08-13,2026-08-18
2,AMD-DEL,6E,6E868,2026-08-16,2026-08-18
1,AMD-DEL,6E,6E868,2026-08-17,2026-08-18
2,AMD-DEL,6E,6E868,2026-08-20,2026-08-22
1,AMD-DEL,6E,6E868,2026-08-21,2026-08-22
1,AMD-DEL,6E,6E868,2026-08-24,2026-08-25
1,AMD-DEL,6E,6E868,2026-08-25,2026-08-26
2,AMD-DEL,SG,SG699,2026-06-09,2026-06-11
1,AMD-DEL,SG,SG699,2026-06-10,2026-06-11
2,AMD-DEL,SG,SG699,2026-06-13,2026-06-15
1,AMD-DEL,SG,SG699,2026-06-14,2026-06-15
2,AMD-DEL,SG,SG699,2026-06-20,2026-06-22
1,AMD-DEL,SG,SG699,2026-06-21,2026-06-22
1,AMD-DEL,SG,SG699,2026-06-23,2026-06-24
1,AMD-DEL,SG,SG699,2026-06-24,2026-06-25
2,AMD-DEL,SG,SG699,2026-07-07,2026-07-09
1,AMD-DEL,SG,SG699,2026-07-08,2026-07-09
1,AMD-DEL,SG,SG699,2026-07-10,2026-07-11
2,AMD-DEL,SG,SG699,2026-07-23,2026-07-25
1,AMD-DEL,SG,SG699,2026-07-24,2026-07-25
1,AMD-DEL,SG,SG699,2026-08-05,2026-08-06
2,AMD-DEL,SG,SG699,2026-08-08,2026-08-10
1,AMD-DEL,SG,SG699,2026-08-09,2026-08-10
1,AMD-DEL,SG,SG699,2026-08-13,2026-08-14
2,AMD-DEL,SG,SG699,2026-08-31,2026-09-02
1,AMD-DEL,SG,SG699,2026-09-01,2026-09-02
1,DEL-GOI,6E,6E527,2026-06-07,2026-06-08
2,DEL-GOI,6E,6E527,2026-06-11,2026-06-13
1,DEL-GOI,6E,6E527,2026-06-12,2026-06-13
1,DEL-GOI,6E,6E527,2026-06-14,2026-06-15
2,DEL-GOI,6E,6E527,2026-06-17,2026-06-19
1,DEL-GOI,6E,6E527,2026-06-18,2026-06-19
5,DEL-GOI,6E,6E527,2026-06-24,2026-06-29
2,DEL-GOI,6E,6E527,2026-06-27,2026-06-29
1,DEL-GOI,6E,6E527,2026-06-28,2026-06-29
2,DEL-GOI,6E,6E527,2026-06-29,2026-07-01
1,DEL-GOI,6E,6E527,2026-06-30,2026-07-01
2,DEL-GOI,6E,6E527,2026-07-01,2026-07-03
1,DEL-GOI,6E,6E527,2026-07-02,2026-07-03
2,DEL-GOI,6E,6E527,2026-07-02,2026-07-04
1,DEL-GOI,6E,6E527,2026-07-03,2026-07-04
1,DEL-GOI,6E,6E527,2026-07-04,2026-07-05
2,DEL-GOI,6E,6E527,2026-07-16,2026-07-18
1,DEL-GOI,6E,6E527,2026-07-17,2026-07-18
2,DEL-GOI,6E,6E527,2026-07-17,2026-07-19
1,DEL-GOI,6E,6E527,2026-07-18,2026-07-19
1,DEL-GOI,6E,6E527,2026-08-02,2026-08-03
2,DEL-GOI,6E,6E527,2026-08-08,2026-08-10
1,DEL-GOI,6E,6E527,2026-08-09,2026-08-10
5,DEL-GOI,6E,6E527,2026-08-10,2026-08-15
2,DEL-GOI,6E,6E527,2026-08-12,2026-08-14
1,DEL-GOI,6E,6E527,2026-08-13,2026-08-14
2,DEL-GOI,6E,6E527,2026-08-13,2026-08-15
1,DEL-GOI,6E,6E527,2026-08-14,2026-08-15
2,DEL-GOI,6E,6E527,2026-08-17,2026-08-19
1,DEL-GOI,6E,6E527,2026-08-18,2026-08-19
1,DEL-GOI,6E,6E527,2026-08-19,2026-08-20
1,DEL-GOI,6E,6E527,2026-08-23,2026-08-24
2,DEL-GOI,6E,6E527,2026-08-25,2026-08-27
1,DEL-GOI,6E,6E527,2026-08-26,2026-08-27
1,DEL-GOI,6E,6E527,2026-09-01,2026-09-02
2,DEL-GOI,6E,6E527,2026-09-02,2026-09-04
1,DEL-GOI,6E,6E527,2026-09-03,2026-09-04
2,DEL-GOI,AI,AI536,2026-06-13,2026-06-15
1,DEL-GOI,AI,AI536,2026-06-14,2026-06-15
2,DEL-GOI,AI,AI536,2026-06-14,2026-06-16
1,DEL-GOI,AI,AI536,2026-06-15,2026-06-16
2,DEL-GOI,AI,AI536,2026-06-16,2026-06-18
1,DEL-GOI,AI,AI536,2026-06-17,2026-06-18
1,DEL-GOI,AI,AI536,2026-06-23,2026-06-24
1,DEL-GOI,AI,AI536,2026-06-27,2026-06-28
1,DEL-GOI,AI,AI536,2026-06-29,2026-06-30
2,DEL-GOI,AI,AI536,2026-07-03,2026-07-05
1,DEL-GOI,AI,AI536,2026-07-04,2026-07-05
2,DEL-GOI,AI,AI536,2026-07-08,2026-07-10
1,DEL-GOI,AI,AI536,2026-07-09,2026-07-10
2,DEL-GOI,AI,AI536,2026-07-13,2026-07-15
1,DEL-GOI,AI,AI536,2026-07-14,2026-07-15
1,DEL-GOI,AI,AI536,2026-07-19,2026-07-20
1,DEL-GOI,AI,AI536,2026-07-29,2026-07-30
1,DEL-GOI,AI,AI536,2026-08-16,2026-08-17
2,DEL-GOI,AI,AI536,2026-08-18,2026-08-20
1,DEL-GOI,AI,AI536,2026-08-19,2026-08-20
2,DEL-GOI,AI,AI536,2026-08-21,2026-08-23
1,DEL-GOI,AI,AI536,2026-08-22,2026-08-23
5,DEL-GOI,IX,IX491,2026-06-11,2026-06-16
2,DEL-GOI,IX,IX491,2026-06-12,2026-06-14
1,DEL-GOI,IX,IX491,2026-06-13,2026-06-14
2,DEL-GOI,IX,IX491,2026-06-14,2026-06-16
1,DEL-GOI,IX,IX491,2026-06-15,2026-06-16
2,DEL-GOI,IX,IX491,2026-06-17,2026-06-19
1,DEL-GOI,IX,IX491,2026-06-18,2026-06-19
1,DEL-GOI,IX,IX491,2026-06-20,2026-06-21
1,DEL-GOI,IX,IX491,2026-06-21,2026-06-22
2,DEL-GOI,IX,IX491,2026-06-27,2026-06-29
1,DEL-GOI,IX,IX491,2026-06-28,2026-06-29
1,DEL-GOI,IX,IX491,2026-07-07,2026-07-08
2,DEL-GOI,IX,IX491,2026-07-07,2026-07-09
1,DEL-GOI,IX,IX491,2026-07-08,2026-07-09
2,DEL-GOI,IX,IX491,2026-07-08,2026-07-10
1,DEL-GOI,IX,IX491,2026-07-09,2026-07-10
1,DEL-GOI,IX,IX491,2026-07-12,2026-07-13
1,DEL-GOI,IX,IX491,2026-07-18,2026-07-19
2,DEL-GOI,IX,IX491,2026-07-21,2026-07-23
1,DEL-GOI,IX,IX491,2026-07-22,2026-07-23
1,DEL-GOI,IX,IX491,2026-07-27,2026-07-28
2,DEL-GOI,IX,IX491,2026-07-30,2026-08-01
1,DEL-GOI,IX,IX491,2026-07-31,2026-08-01
2,DEL-GOI,IX,IX491,2026-08-07,2026-08-09
1,DEL-GOI,IX,IX491,2026-08-08,2026-08-09
2,DEL-GOI,IX,IX491,2026-08-09,2026-08-11
1,DEL-GOI,IX,IX491,2026-08-10,2026-08-11
1,DEL-GOI,IX,IX491,2026-08-16,2026-08-17
1,DEL-GOI,IX,IX491,2026-08-19,2026-08-20
2,DEL-GOI,IX,IX491,2026-08-24,2026-08-26
1,DEL-GOI,IX,IX491,2026-08-25,2026-08-26
2,DEL-GOI,IX,IX491,2026-08-28,2026-08-30
1,DEL-GOI,IX,IX491,2026-08-29,2026-08-30
1,DEL-GOI,QP,QP870,2026-06-09,2026-06-10
1,DEL-GOI,QP,QP870,2026-06-10,2026-06-11
2,DEL-GOI,QP,QP870,2026-06-14,2026-06-16
1,DEL-GOI,QP,QP870,2026-06-15,2026-06-16
2,DEL-GOI,QP,QP870,2026-06-16,2026-06-18
1,DEL-GOI,QP,QP870,2026-06-17,2026-06-18
1,DEL-GOI,QP,QP870,2026-06-27,2026-06-28
1,DEL-GOI,QP,QP870,2026-07-04,2026-07-05
2,DEL-GOI,QP,QP870,2026-07-08,2026-07-10
1,DEL-GOI,QP,QP870,2026-07-09,2026-07-10
2,DEL-GOI,QP,QP870,2026-07-18,2026-07-20
1,DEL-GOI,QP,QP870,2026-07-19,2026-07-20
2,DEL-GOI,QP,QP870,2026-07-24,2026-07-26
1,DEL-GOI,QP,QP870,2026-07-25,2026-07-26
2,DEL-GOI,QP,QP870,2026-07-25,2026-07-27
1,DEL-GOI,QP,QP870,2026-07-26,2026-07-27
2,DEL-GOI,QP,QP870,2026-08-05,2026-08-07
1,DEL-GOI,QP,QP870,2026-08-06,2026-08-07
1,DEL-GOI,QP,QP870,2026-08-11,2026-08-12
2,DEL-GOI,QP,QP870,2026-08-24,2026-08-26
1,DEL-GOI,QP,QP870,2026-08-25,2026-08-26
2,DEL-GOI,QP,QP870,2026-08-30,2026-09-01
1,DEL-GOI,QP,QP870,2026-08-31,2026-09-01
2,GOI-DEL,6E,6E686,2026-06-15,2026-06-17
1,GOI-DEL,6E,6E686,2026-06-16,2026-06-17
2,GOI-DEL,6E,6E686,2026-06-17,2026-06-19
1,GOI-DEL,6E,6E686,2026-06-18,2026-06-19
2,GOI-DEL,6E,6E686,2026-06-23,2026-06-25
1,GOI-DEL,6E,6E686,2026-06-24,2026-06-25
1,GOI-DEL,6E,6E686,2026-06-26,2026-06-27
5,GOI-DEL,6E,6E686,2026-06-30,2026-07-05
2,GOI-DEL,6E,6E686,2026-07-03,2026-07-05
1,GOI-DEL,6E,6E686,2026-07-04,2026-07-05
1,GOI-DEL,6E,6E686,2026-07-13,2026-07-14
2,GOI-DEL,6E,6E686,2026-07-14,2026-07-16
1,GOI-DEL,6E,6E686,2026-07-15,2026-07-16
1,GOI-DEL,6E,6E686,2026-07-17,2026-07-18
2,GOI-DEL,6E,6E686,2026-07-20,2026-07-22
1,GOI-DEL,6E,6E686,2026-07-21,2026-07-22
2,GOI-DEL,6E,6E686,2026-07-25,2026-07-27
1,GOI-DEL,6E,6E686,2026-07-26,2026-07-27
2,GOI-DEL,6E,6E686,2026-08-02,2026-08-04
1,GOI-DEL,6E,6E686,2026-08-03,2026-08-04
1,GOI-DEL,6E,6E686,2026-08-05,2026-08-06
1,GOI-DEL,6E,6E686,2026-08-10,2026-08-11
1,GOI-DEL,6E,6E686,2026-08-13,2026-08-14
2,GOI-DEL,6E,6E686,2026-08-15,2026-08-17
1,GOI-DEL,6E,6E686,2026-08-16,2026-08-17
1,GOI-DEL,6E,6E686,2026-08-20,2026-08-21
2,GOI-DEL,6E,6E686,2026-08-21,2026-08-23
1,GOI-DEL,6E,6E686,2026-08-22,2026-08-23
2,GOI-DEL,6E,6E686,2026-08-22,2026-08-24
1,GOI-DEL,6E,6E686,2026-08-23,2026-08-24
2,GOI-DEL,6E,6E686,2026-09-03,2026-09-05
2,GOI-DEL,QP,QP194,2026-06-07,2026-06-09
1,GOI-DEL,QP,QP194,2026-06-08,2026-06-09
1,GOI-DEL,QP,QP194,2026-06-11,2026-06-12
2,GOI-DEL,QP,QP194,2026-06-13,2026-06-15
1,GOI-DEL,QP,QP194,2026-06-14,2026-06-15
1,GOI-DEL,QP,QP194,2026-06-15,2026-06-16
1,GOI-DEL,QP,QP194,2026-06-16,2026-06-17
2,GOI-DEL,QP,QP194,2026-06-22,2026-06-24
1,GOI-DEL,QP,QP194,2026-06-23,2026-06-24
2,GOI-DEL,QP,QP194,2026-06-23,2026-06-25
1,GOI-DEL,QP,QP194,2026-06-24,2026-06-25
2,GOI-DEL,QP,QP194,2026-07-05,2026-07-07
1,GOI-DEL,QP,QP194,2026-07-06,2026-07-07
1,GOI-DEL,QP,QP194,2026-07-10,2026-07-11
1,GOI-DEL,QP,QP194,2026-08-01,2026-08-02
2,GOI-DEL,QP,QP194,2026-08-02,2026-08-04
1,GOI-DEL,QP,QP194,2026-08-03,2026-08-04
2,GOI-DEL,QP,QP194,2026-08-07,2026-08-09
1,GOI-DEL,QP,QP194,2026-08-08,2026-08-09
2,GOI-DEL,QP,QP194,2026-08-12,2026-08-14
1,GOI-DEL,QP,QP194,2026-08-13,2026-08-14
2,GOI-DEL,QP,QP194,2026-08-15,2026-08-17
1,GOI-DEL,QP,QP194,2026-08-16,2026-08-17
1,GOI-DEL,QP,QP194,2026-08-21,2026-08-22
2,GOI-DEL,QP,QP194,2026-08-28,2026-08-30
1,GOI-DEL,QP,QP194,2026-08-29,2026-08-30
2,GOI-DEL,AI,AI243,2026-06-09,2026-06-11
1,GOI-DEL,AI,AI243,2026-06-10,2026-06-11
1,GOI-DEL,AI,AI243,2026-06-11,2026-06-12
1,GOI-DEL,AI,AI243,2026-06-20,2026-06-21
2,GOI-DEL,AI,AI243,2026-06-22,2026-06-24
1,GOI-DEL,AI,AI243,2026-06-23,2026-06-24
1,GOI-DEL,AI,AI243,2026-06-25,2026-06-26
2,GOI-DEL,AI,AI243,2026-06-27,2026-06-29
1,GOI-DEL,AI,AI243,2026-06-28,2026-06-29
1,GOI-DEL,AI,AI243,2026-07-18,2026-07-19
2,GOI-DEL,AI,AI243,2026-07-22,2026-07-24
1,GOI-DEL,AI,AI243,2026-07-23,2026-07-24
1,GOI-DEL,AI,AI243,2026-07-24,2026-07-25
2,GOI-DEL,AI,AI243,2026-07-24,2026-07-26
1,GOI-DEL,AI,AI243,2026-07-25,2026-07-26
1,GOI-DEL,AI,AI243,2026-07-27,2026-07-28
2,GOI-DEL,AI,AI243,2026-07-30,2026-08-01
1,GOI-DEL,AI,AI243,2026-07-31,2026-08-01
2,GOI-DEL,AI,AI243,2026-08-07,2026-08-09
1,GOI-DEL,AI,AI243,2026-08-08,2026-08-09
1,GOI-DEL,AI,AI243,2026-08-22,2026-08-23
2,GOI-DEL,AI,AI243,2026-08-27,2026-08-29
1,GOI-DEL,AI,AI243,2026-08-28,2026-08-29
2,GOI-DEL,AI,AI243,2026-08-29,2026-08-31
1,GOI-DEL,AI,AI243,2026-08-30,2026-08-31
2,GOI-DEL,AI,AI243,2026-09-02,2026-09-04
1,GOI-DEL,AI,AI243,2026-09-03,2026-09-04
1,BOM-HYD,SG,SG838,2026-06-06,2026-06-07
2,BOM-HYD,SG,SG838,2026-06-07,2026-06-09
1,BOM-HYD,SG,SG838,2026-06-08,2026-06-09
5,BOM-HYD,SG,SG838,2026-06-10,2026-06-15
2,BOM-HYD,SG,SG838,2026-06-13,2026-06-15
1,BOM-HYD,SG,SG838,2026-06-14,2026-06-15
2,BOM-HYD,SG,SG838,2026-06-20,2026-06-22
1,BOM-HYD,SG,SG838,2026-06-21,2026-06-22
1,BOM-HYD,SG,SG838,2026-06-22,2026-06-23
1,BOM-HYD,SG,SG838,2026-06-23,2026-06-24
1,BOM-HYD,SG,SG838,2026-06-25,2026-06-26
1,BOM-HYD,SG,SG838,2026-06-29,2026-06-30
1,BOM-HYD,SG,SG838,2026-07-01,2026-07-02
2,BOM-HYD,SG,SG838,2026-07-08,2026-07-10
1,BOM-HYD,SG,SG838,2026-07-09,2026-07-10
1,BOM-HYD,SG,SG838,2026-07-22,2026-07-23
1,BOM-HYD,SG,SG838,2026-07-27,2026-07-28
2,BOM-HYD,SG,SG838,2026-08-05,2026-08-07
1,BOM-HYD,SG,SG838,2026-08-06,2026-08-07
1,BOM-HYD,SG,SG838,2026-08-08,2026-08-09
2,BOM-HYD,SG,SG838,2026-08-12,2026-08-14
1,BOM-HYD,SG,SG838,2026-08-13,2026-08-14
2,BOM-HYD,SG,SG838,2026-08-13,2026-08-15
1,BOM-HYD,SG,SG838,2026-08-14,2026-08-15
2,BOM-HYD,SG,SG838,2026-08-14,2026-08-16
1,BOM-HYD,SG,SG838,2026-08-15,2026-08-16
2,BOM-HYD,SG,SG838,2026-08-18,2026-08-20
1,BOM-HYD,SG,SG838,2026-08-19,2026-08-20
5,BOM-HYD,SG,SG838,2026-08-20,2026-08-25
2,BOM-HYD,SG,SG838,2026-08-23,2026-08-25
1,BOM-HYD,SG,SG838,2026-08-24,2026-08-25
1,BOM-HYD,SG,SG838,2026-08-25,2026-08-26
2,BOM-HYD,SG,SG838,2026-08-27,2026-08-29
1,BOM-HYD,SG,SG838,2026-08-28,2026-08-29
2,BOM-HYD,SG,SG838,2026-08-30,2026-09-01
1,BOM-HYD,SG,SG838,2026-08-31,2026-09-01
1,BOM-HYD,SG,SG838,2026-09-03,2026-09-04
1,BOM-HYD,6E,6E217,2026-06-11,2026-06-12
1,BOM-HYD,6E,6E217,2026-06-12,2026-06-13
2,BOM-HYD,6E,6E217,2026-06-12,2026-06-14
1,BOM-HYD,6E,6E217,2026-06-13,2026-06-14
1,BOM-HYD,6E,6E217,2026-06-19,2026-06-20
2,BOM-HYD,6E,6E217,2026-06-20,2026-06-22
1,BOM-HYD,6E,6E217,2026-06-21,2026-06-22
1,BOM-HYD,6E,6E217,2026-06-22,2026-06-23
2,BOM-HYD,6E,6E217,2026-06-23,2026-06-25
1,BOM-HYD,6E,6E217,2026-06-24,2026-06-25
2,BOM-HYD,6E,6E217,2026-06-28,2026-06-30
1,BOM-HYD,6E,6E217,2026-06-29,2026-06-30
2,BOM-HYD,6E,6E217,2026-07-05,2026-07-07
1,BOM-HYD,6E,6E217,2026-07-06,2026-07-07
2,BOM-HYD,6E,6E217,2026-07-10,2026-07-12
1,BOM-HYD,6E,6E217,2026-07-11,2026-07-12
2,BOM-HYD,6E,6E217,2026-07-14,2026-07-16
1,BOM-HYD,6E,6E217,2026-07-15,2026-07-16
5,BOM-HYD,6E,6E217,2026-07-18,2026-07-23
2,BOM-HYD,6E,6E217,2026-07-21,2026-07-23
1,BOM-HYD,6E,6E217,2026-07-22,2026-07-23
2,BOM-HYD,6E,6E217,2026-07-22,2026-07-24
1,BOM-HYD,6E,6E217,2026-07-23,2026-07-24
1,BOM-HYD,6E,6E217,2026-08-11,2026-08-12
1,BOM-HYD,6E,6E217,2026-08-14,2026-08-15
5,BOM-HYD,6E,6E217,2026-08-16,2026-08-21
2,BOM-HYD,6E,6E217,2026-08-19,2026-08-21
1,BOM-HYD,6E,6E217,2026-08-20,2026-08-21
1,BOM-HYD,6E,6E217,2026-08-23,2026-08-24
2,BOM-HYD,6E,6E217,2026-08-26,2026-08-28
5,BOM-HYD,6E,6E217,2026-08-26,2026-08-31
1,BOM-HYD,6E,6E217,2026-08-27,2026-08-28
1,BOM-HYD,6E,6E217,2026-08-28,2026-08-29
2,BOM-HYD,6E,6E217,2026-08-29,2026-08-31
1,BOM-HYD,6E,6E217,2026-08-30,2026-08-31
1,BOM-HYD,6E,6E217,2026-08-31,2026-09-01
1,BOM-HYD,IX,IX967,2026-06-06,2026-06-07
2,BOM-HYD,IX,IX967,2026-06-09,2026-06-11
1,BOM-HYD,IX,IX967,2026-06-10,2026-06-11
2,BOM-HYD,IX,IX967,2026-06-10,2026-06-12
1,BOM-HYD,IX,IX967,2026-06-11,2026-06-12
2,BOM-HYD,IX,IX967,2026-06-11,2026-06-13
1,BOM-HYD,IX,IX967,2026-06-12,2026-06-13
1,BOM-HYD,IX,IX967,2026-06-21,2026-06-22
1,BOM-HYD,IX,IX967,2026-06-23,2026-06-24
2,BOM-HYD,IX,IX967,2026-06-28,2026-06-30
1,BOM-HYD,IX,IX967,2026-06-29,2026-06-30
2,BOM-HYD,IX,IX967,2026-07-03,2026-07-05
1,BOM-HYD,IX,IX967,2026-07-04,2026-07-05
2,BOM-HYD,IX,IX967,2026-07-09,2026-07-11
1,BOM-HYD,IX,IX967,2026-07-10,2026-07-11
1,BOM-HYD,IX,IX967,2026-07-17,2026-07-18
2,BOM-HYD,IX,IX967,2026-07-18,2026-07-20
1,BOM-HYD,IX,IX967,2026-07-19,2026-07-20
2,BOM-HYD,IX,IX967,2026-07-30,2026-08-01
1,BOM-HYD,IX,IX967,2026-07-31,2026-08-01
2,BOM-HYD,IX,IX967,2026-08-07,2026-08-09
1,BOM-HYD,IX,IX967,2026-08-08,2026-08-09
1,BOM-HYD,IX,IX967,2026-08-11,2026-08-12
2,BOM-HYD,IX,IX967,2026-08-16,2026-08-18
1,BOM-HYD,IX,IX967,2026-08-17,2026-08-18
2,BOM-HYD,IX,IX967,2026-08-18,2026-08-20
1,BOM-HYD,IX,IX967,2026-08-19,2026-08-20
1,BOM-HYD,IX,IX967,2026-08-24,2026-08-25
2,BOM-HYD,AI,AI414,2026-06-06,2026-06-08
1,BOM-HYD,AI,AI414,2026-06-07,2026-06-08
2,BOM-HYD,AI,AI414,2026-06-09,2026-06-11
1,BOM-HYD,AI,AI414,2026-06-10,2026-06-11
2,BOM-HYD,AI,AI414,2026-06-10,2026-06-12
1,BOM-HYD,AI,AI414,2026-06-11,2026-06-12
5,BOM-HYD,AI,AI414,2026-06-14,2026-06-19
2,BOM-HYD,AI,AI414,2026-06-17,2026-06-19
1,BOM-HYD,AI,AI414,2026-06-18,2026-06-19
1,BOM-HYD,AI,AI414,2026-06-20,2026-06-21
1,BOM-HYD,AI,AI414,2026-06-29,2026-06-30
2,BOM-HYD,AI,AI414,2026-07-14,2026-07-16
1,BOM-HYD,AI,AI414,2026-07-15,2026-07-16
1,BOM-HYD,AI,AI414,2026-07-16,2026-07-17
2,BOM-HYD,AI,AI414,2026-07-16,2026-07-18
1,BOM-HYD,AI,AI414,2026-07-17,2026-07-18
1,BOM-HYD,AI,AI414,2026-07-22,2026-07-23
2,BOM-HYD,AI,AI414,2026-07-23,2026-07-25
1,BOM-HYD,AI,AI414,2026-07-24,2026-07-25
1,BOM-HYD,AI,AI414,2026-07-30,2026-07-31
2,BOM-HYD,AI,AI414,2026-08-05,2026-08-07
1,BOM-HYD,AI,AI414,2026-08-06,2026-08-07
5,BOM-HYD,AI,AI414,2026-08-06,2026-08-11
2,BOM-HYD,AI,AI414,2026-08-09,2026-08-11
1,BOM-HYD,AI,AI414,2026-08-10,2026-08-11
2,BOM-HYD,AI,AI414,2026-08-13,2026-08-15
1,BOM-HYD,AI,AI414,2026-08-14,2026-08-15
1,BOM-HYD,AI,AI414,2026-08-15,2026-08-16
1,BOM-HYD,AI,AI414,2026-08-25,2026-08-26
5,BOM-HYD,AI,AI414,2026-08-31,2026-09-05
2,BOM-HYD,AI,AI414,2026-09-03,2026-09-05
1,HYD-BOM,AI,AI708,2026-06-07,2026-06-08
5,HYD-BOM,AI,AI708,2026-06-14,2026-06-19
2,HYD-BOM,AI,AI708,2026-06-17,2026-06-19
1,HYD-BOM,AI,AI708,2026-06-18,2026-06-19
1,HYD-BOM,AI,AI708,2026-06-19,2026-06-20
1,HYD-BOM,AI,AI708,2026-06-23,2026-06-24
2,HYD-BOM,AI,AI708,2026-07-04,2026-07-06
1,HYD-BOM,AI,AI708,2026-07-05,2026-07-06
2,HYD-BOM,AI,AI708,2026-07-06,2026-07-08
1,HYD-BOM,AI,AI708,2026-07-07,2026-07-08
2,HYD-BOM,AI,AI708,2026-07-11,2026-07-13
1,HYD-BOM,AI,AI708,2026-07-12,2026-07-13
2,HYD-BOM,AI,AI708,2026-07-29,2026-07-31
1,HYD-BOM,AI,AI708,2026-07-30,2026-07-31
1,HYD-BOM,AI,AI708,2026-07-31,2026-08-01
2,HYD-BOM,AI,AI708,2026-08-07,2026-08-09
1,HYD-BOM,AI,AI708,2026-08-08,2026-08-09
2,HYD-BOM,AI,AI708,2026-08-12,2026-08-14
1,HYD-BOM,AI,AI708,2026-08-13,2026-08-14
2,HYD-BOM,AI,AI708,2026-08-18,2026-08-20
1,HYD-BOM,AI,AI708,2026-08-19,2026-08-20
2,HYD-BOM,AI,AI708,2026-09-03,2026-09-05
2,HYD-BOM,SG,SG246,2026-06-06,2026-06-08
1,HYD-BOM,SG,SG246,2026-06-07,2026-06-08
5,HYD-BOM,SG,SG246,2026-06-17,2026-06-22
1,HYD-BOM,SG,SG246,2026-06-19,2026-06-20
2,HYD-BOM,SG,SG246,2026-06-20,2026-06-22
1,HYD-BOM,SG,SG246,2026-06-21,2026-06-22
2,HYD-BOM,SG,SG246,2026-07-13,2026-07-15
1,HYD-BOM,SG,SG246,2026-07-14,2026-07-15
2,HYD-BOM,SG,SG246,2026-07-14,2026-07-16
1,HYD-BOM,SG,SG246,2026-07-15,2026-07-16
1,HYD-BOM,SG,SG246,2026-08-10,2026-08-11
5,HYD-BOM,SG,SG246,2026-08-18,2026-08-23
1,HYD-BOM,SG,SG246,2026-08-20,2026-08-21
2,HYD-BOM,SG,SG246,2026-08-21,2026-08-23
1,HYD-BOM,SG,SG246,2026-08-22,2026-08-23
2,HYD-BOM,SG,SG246,2026-08-27,2026-08-29
1,HYD-BOM,SG,SG246,2026-08-28,2026-08-29
1,HYD-BOM,SG,SG246,2026-08-30,2026-08-31
1,HYD-BOM,6E,6E583,2026-06-16,2026-06-17
2,HYD-BOM,6E,6E583,2026-06-16,2026-06-18
1,HYD-BOM,6E,6E583,2026-06-17,2026-06-18
1,HYD-BOM,6E,6E583,2026-06-22,2026-06-23
2,HYD-BOM,6E,6E583,2026-06-28,2026-06-30
1,HYD-BOM,6E,6E583,2026-06-29,2026-06-30
2,HYD-BOM,6E,6E583,2026-07-10,2026-07-12
1,HYD-BOM,6E,6E583,2026-07-11,2026-07-12
2,HYD-BOM,6E,6E583,2026-07-18,2026-07-20
1,HYD-BOM,6E,6E583,2026-07-19,2026-07-20
1,HYD-BOM,6E,6E583,2026-07-23,2026-07-24
2,HYD-BOM,6E,6E583,2026-07-31,2026-08-02
1,HYD-BOM,6E,6E583,2026-08-01,2026-08-02
1,HYD-BOM,6E,6E583,2026-08-07,2026-08-08
2,HYD-BOM,6E,6E583,2026-08-08,2026-08-10
1,HYD-BOM,6E,6E583,2026-08-09,2026-08-10
1,HYD-BOM,6E,6E583,2026-08-14,2026-08-15
2,HYD-BOM,6E,6E583,2026-08-18,2026-08-20
1,HYD-BOM,6E,6E583,2026-08-19,2026-08-20
2,HYD-BOM,9I,9I801,2026-06-06,2026-06-08
1,HYD-BOM,9I,9I801,2026-06-07,2026-06-08
1,HYD-BOM,9I,9I801,2026-06-16,2026-06-17
2,HYD-BOM,9I,9I801,2026-06-20,2026-06-22
1,HYD-BOM,9I,9I801,2026-06-21,2026-06-22
5,HYD-BOM,9I,9I801,2026-07-16,2026-07-21
2,HYD-BOM,9I,9I801,2026-07-19,2026-07-21
1,HYD-BOM,9I,9I801,2026-07-20,2026-07-21
2,HYD-BOM,9I,9I801,2026-07-29,2026-07-31
1,HYD-BOM,9I,9I801,2026-07-30,2026-07-31
2,HYD-BOM,9I,9I801,2026-08-02,2026-08-04
1,HYD-BOM,9I,9I801,2026-08-03,2026-08-04
2,HYD-BOM,9I,9I801,2026-08-03,2026-08-05
1,HYD-BOM,9I,9I801,2026-08-04,2026-08-05
1,HYD-BOM,9I,9I801,2026-08-20,2026-08-21
1,HYD-BOM,9I,9I801,2026-08-26,2026-08-27
5,HYD-BOM,9I,9I801,2026-08-31,2026-09-05
2,HYD-BOM,9I,9I801,2026-09-03,2026-09-05
2,BLR-CCU,IX,IX297,2026-06-09,2026-06-11
1,BLR-CCU,IX,IX297,2026-06-10,2026-06-11
2,BLR-CCU,IX,IX297,2026-06-11,2026-06-13
1,BLR-CCU,IX,IX297,2026-06-12,2026-06-13
2,BLR-CCU,IX,IX297,2026-06-16,2026-06-18
1,BLR-CCU,IX,IX297,2026-06-17,2026-06-18
2,BLR-CCU,IX,IX297,2026-06-22,2026-06-24
1,BLR-CCU,IX,IX297,2026-06-23,2026-06-24
2,BLR-CCU,IX,IX297,2026-06-25,2026-06-27
1,BLR-CCU,IX,IX297,2026-06-26,2026-06-27
2,BLR-CCU,IX,IX297,2026-06-29,2026-07-01
1,BLR-CCU,IX,IX297,2026-06-30,2026-07-01
2,BLR-CCU,IX,IX297,2026-07-01,2026-07-03
1,BLR-CCU,IX,IX297,2026-07-02,2026-07-03
2,BLR-CCU,IX,IX297,2026-07-03,2026-07-05
1,BLR-CCU,IX,IX297,2026-07-04,2026-07-05
2,BLR-CCU,IX,IX297,2026-07-09,2026-07-11
1,BLR-CCU,IX,IX297,2026-07-10,2026-07-11
2,BLR-CCU,IX,IX297,2026-07-13,2026-07-15
1,BLR-CCU,IX,IX297,2026-07-14,2026-07-15
2,BLR-CCU,IX,IX297,2026-07-16,2026-07-18
1,BLR-CCU,IX,IX297,2026-07-17,2026-07-18
2,BLR-CCU,IX,IX297,2026-07-22,2026-07-24
1,BLR-CCU,IX,IX297,2026-07-23,2026-07-24
1,BLR-CCU,IX,IX297,2026-07-29,2026-07-30
1,BLR-CCU,IX,IX297,2026-08-11,2026-08-12
1,BLR-CCU,IX,IX297,2026-08-14,2026-08-15
2,BLR-CCU,IX,IX297,2026-08-14,2026-08-16
1,BLR-CCU,IX,IX297,2026-08-15,2026-08-16
2,BLR-CCU,IX,IX297,2026-08-21,2026-08-23
1,BLR-CCU,IX,IX297,2026-08-22,2026-08-23
2,BLR-CCU,IX,IX297,2026-08-22,2026-08-24
1,BLR-CCU,IX,IX297,2026-08-23,2026-08-24
2,BLR-CCU,IX,IX297,2026-08-26,2026-08-28
1,BLR-CCU,IX,IX297,2026-08-27,2026-08-28
2,BLR-CCU,IX,IX297,2026-08-27,2026-08-29
1,BLR-CCU,IX,IX297,2026-08-28,2026-08-29
1,BLR-CCU,IX,IX297,2026-08-31,2026-09-01
2,BLR-CCU,AI,AI260,2026-06-07,2026-06-09
1,BLR-CCU,AI,AI260,2026-06-08,2026-06-09
2,BLR-CCU,AI,AI260,2026-06-08,2026-06-10
1,BLR-CCU,AI,AI260,2026-06-09,2026-06-10
1,BLR-CCU,AI,AI260,2026-06-10,2026-06-11
2,BLR-CCU,AI,AI260,2026-06-19,2026-06-21
1,BLR-CCU,AI,AI260,2026-06-20,2026-06-21
1,BLR-CCU,AI,AI260,2026-06-24,2026-06-25
2,BLR-CCU,AI,AI260,2026-06-25,2026-06-27
1,BLR-CCU,AI,AI260,2026-06-26,2026-06-27
2,BLR-CCU,AI,AI260,2026-07-07,2026-07-09
1,BLR-CCU,AI,AI260,2026-07-08,2026-07-09
2,BLR-CCU,AI,AI260,2026-07-08,2026-07-10
1,BLR-CCU,AI,AI260,2026-07-09,2026-07-10
2,BLR-CCU,AI,AI260,2026-07-21,2026-07-23
1,BLR-CCU,AI,AI260,2026-07-22,2026-07-23
2,BLR-CCU,AI,AI260,2026-07-23,2026-07-25
1,BLR-CCU,AI,AI260,2026-07-24,2026-07-25
1,BLR-CCU,AI,AI260,2026-07-25,2026-07-26
2,BLR-CCU,AI,AI260,2026-07-27,2026-07-29
1,BLR-CCU,AI,AI260,2026-07-28,2026-07-29
1,BLR-CCU,AI,AI260,2026-08-04,2026-08-05
2,BLR-CCU,AI,AI260,2026-08-04,2026-08-06
1,BLR-CCU,AI,AI260,2026-08-05,2026-08-06
1,BLR-CCU,AI,AI260,2026-08-29,2026-08-30
2,BLR-CCU,AI,AI260,2026-08-31,2026-09-02
1,BLR-CCU,AI,AI260,2026-09-01,2026-09-02
1,BLR-CCU,SG,SG701,2026-06-06,2026-06-07
2,BLR-CCU,SG,SG701,2026-06-09,2026-06-11
1,BLR-CCU,SG,SG701,2026-06-10,2026-06-11
1,BLR-CCU,SG,SG701,2026-06-19,2026-06-20
2,BLR-CCU,SG,SG701,2026-06-29,2026-07-01
1,BLR-CCU,SG,SG701,2026-06-30,2026-07-01
2,BLR-CCU,SG,SG701,2026-07-04,2026-07-06
1,BLR-CCU,SG,SG701,2026-07-05,2026-07-06
1,BLR-CCU,SG,SG701,2026-07-07,2026-07-08
1,BLR-CCU,SG,SG701,2026-07-16,2026-07-17
1,BLR-CCU,SG,SG701,2026-07-18,2026-07-19
5,BLR-CCU,SG,SG701,2026-07-26,2026-07-31
2,BLR-CCU,SG,SG701,2026-07-29,2026-07-31
1,BLR-CCU,SG,SG701,2026-07-30,2026-07-31
1,BLR-CCU,SG,SG701,2026-08-11,2026-08-12
1,BLR-CCU,SG,SG701,2026-08-17,2026-08-18
1,BLR-CCU,SG,SG701,2026-08-21,2026-08-22
1,BLR-CCU,SG,SG701,2026-08-26,2026-08-27
1,BLR-CCU,SG,SG701,2026-08-28,2026-08-29
1,BLR-CCU,SG,SG701,2026-09-03,2026-09-04
2,BLR-CCU,SG,SG701,2026-09-03,2026-09-05
1,CCU-BLR,SG,SG102,2026-06-07,2026-06-08
2,CCU-BLR,SG,SG102,2026-06-19,2026-06-21
1,CCU-BLR,SG,SG102,2026-06-20,2026-06-21
2,CCU-BLR,SG,SG102,2026-07-01,2026-07-03
1,CCU-BLR,SG,SG102,2026-07-02,2026-07-03
2,CCU-BLR,SG,SG102,2026-07-08,2026-07-10
1,CCU-BLR,SG,SG102,2026-07-09,2026-07-10
2,CCU-BLR,SG,SG102,2026-07-14,2026-07-16
1,CCU-BLR,SG,SG102,2026-07-15,2026-07-16
1,CCU-BLR,SG,SG102,2026-07-20,2026-07-21
1,CCU-BLR,SG,SG102,2026-08-17,2026-08-18
2,CCU-BLR,SG,SG102,2026-08-20,2026-08-22
1,CCU-BLR,SG,SG102,2026-08-21,2026-08-22
2,CCU-BLR,SG,SG102,2026-08-27,2026-08-29
1,CCU-BLR,SG,SG102,2026-08-28,2026-08-29
2,CCU-BLR,SG,SG102,2026-08-28,2026-08-30
1,CCU-BLR,SG,SG102,2026-08-29,2026-08-30
2,CCU-BLR,SG,SG102,2026-08-29,2026-08-31
1,CCU-BLR,SG,SG102,2026-08-30,2026-08-31
2,CCU-BLR,SG,SG102,2026-08-31,2026-09-02
1,CCU-BLR,SG,SG102,2026-09-01,2026-09-02
1,CCU-BLR,SG,SG102,2026-09-02,2026-09-03
2,CCU-BLR,SG,SG102,2026-09-03,2026-09-05
5,CCU-BLR,QP,QP198,2026-06-13,2026-06-18
1,CCU-BLR,QP,QP198,2026-06-15,2026-06-16
2,CCU-BLR,QP,QP198,2026-06-16,2026-06-18
1,CCU-BLR,QP,QP198,2026-06-17,2026-06-18
2,CCU-BLR,QP,QP198,2026-06-17,2026-06-19
1,CCU-BLR,QP,QP198,2026-06-18,2026-06-19
2,CCU-BLR,QP,QP198,2026-06-18,2026-06-20
1,CCU-BLR,QP,QP198,2026-06-19,2026-06-20
1,CCU-BLR,QP,QP198,2026-06-22,2026-06-23
2,CCU-BLR,QP,QP198,2026-06-23,2026-06-25
1,CCU-BLR,QP,QP198,2026-06-24,2026-06-25
1,CCU-BLR,QP,QP198,2026-06-29,2026-06-30
2,CCU-BLR,QP,QP198,2026-06-29,2026-07-01
1,CCU-BLR,QP,QP198,2026-06-30,2026-07-01
1,CCU-BLR,QP,QP198,2026-07-01,2026-07-02
2,CCU-BLR,QP,QP198,2026-07-07,2026-07-09
1,CCU-BLR,QP,QP198,2026-07-08,2026-07-09
1,CCU-BLR,QP,QP198,2026-07-10,2026-07-11
1,CCU-BLR,QP,QP198,2026-07-11,2026-07-12
2,CCU-BLR,QP,QP198,2026-07-19,2026-07-21
1,CCU-BLR,QP,QP198,2026-07-20,2026-07-21
1,CCU-BLR,QP,QP198,2026-07-21,2026-07-22
2,CCU-BLR,QP,QP198,2026-07-24,2026-07-26
1,CCU-BLR,QP,QP198,2026-07-25,2026-07-26
1,CCU-BLR,QP,QP198,2026-08-02,2026-08-03
5,CCU-BLR,QP,QP198,2026-08-03,2026-08-08
1,CCU-BLR,QP,QP198,2026-08-04,2026-08-05
2,CCU-BLR,QP,QP198,2026-08-06,2026-08-08
1,CCU-BLR,QP,QP198,2026-08-07,2026-08-08
2,CCU-BLR,QP,QP198,2026-08-11,2026-08-13
1,CCU-BLR,QP,QP198,2026-08-12,2026-08-13
2,CCU-BLR,QP,QP198,2026-08-18,2026-08-20
1,CCU-BLR,QP,QP198,2026-08-19,2026-08-20
1,CCU-BLR,QP,QP198,2026-08-20,2026-08-21
2,CCU-BLR,QP,QP198,2026-08-27,2026-08-29
1,CCU-BLR,QP,QP198,2026-08-28,2026-08-29
1,CCU-BLR,AI,AI800,2026-06-25,2026-06-26
1,CCU-BLR,AI,AI800,2026-06-27,2026-06-28
1,CCU-BLR,AI,AI800,2026-06-28,2026-06-29
5,CCU-BLR,AI,AI800,2026-06-28,2026-07-03
1,CCU-BLR,AI,AI800,2026-06-29,2026-06-30
2,CCU-BLR,AI,AI800,2026-07-01,2026-07-03
1,CCU-BLR,AI,AI800,2026-07-02,2026-07-03
1,CCU-BLR,AI,AI800,2026-07-06,2026-07-07
1,CCU-BLR,AI,AI800,2026-07-08,2026-07-09
1,CCU-BLR,AI,AI800,2026-07-20,2026-07-21
1,CCU-BLR,AI,AI800,2026-08-04,2026-08-05
2,CCU-BLR,AI,AI800,2026-08-09,2026-08-11
1,CCU-BLR,AI,AI800,2026-08-10,2026-08-11
2,CCU-BLR,AI,AI800,2026-08-14,2026-08-16
1,CCU-BLR,AI,AI800,2026-08-15,2026-08-16
2,CCU-BLR,AI,AI800,2026-08-22,2026-08-24
1,CCU-BLR,AI,AI800,2026-08-23,2026-08-24
1,CCU-BLR,AI,AI800,2026-08-25,2026-08-26
1,CCU-BLR,AI,AI800,2026-08-26,2026-08-27
2,CCU-BLR,AI,AI800,2026-08-27,2026-08-29
1,CCU-BLR,AI,AI800,2026-08-28,2026-08-29
1,CCU-BLR,AI,AI800,2026-09-02,2026-09-03
1,CCU-BLR,6E,6E180,2026-06-06,2026-06-07
5,CCU-BLR,6E,6E180,2026-06-10,2026-06-15
1,CCU-BLR,6E,6E180,2026-06-13,2026-06-14
2,CCU-BLR,6E,6E180,2026-06-13,2026-06-15
1,CCU-BLR,6E,6E180,2026-06-14,2026-06-15
1,CCU-BLR,6E,6E180,2026-06-16,2026-06-17
2,CCU-BLR,6E,6E180,2026-06-20,2026-06-22
1,CCU-BLR,6E,6E180,2026-06-21,2026-06-22
1,CCU-BLR,6E,6E180,2026-06-22,2026-06-23
1,CCU-BLR,6E,6E180,2026-06-24,2026-06-25
2,CCU-BLR,6E,6E180,2026-07-05,2026-07-07
1,CCU-BLR,6E,6E180,2026-07-06,2026-07-07
2,CCU-BLR,6E,6E180,2026-07-10,2026-07-12
1,CCU-BLR,6E,6E180,2026-07-11,2026-07-12
2,CCU-BLR,6E,6E180,2026-07-20,2026-07-22
1,CCU-BLR,6E,6E180,2026-07-21,2026-07-22
2,CCU-BLR,6E,6E180,2026-07-22,2026-07-24
1,CCU-BLR,6E,6E180,2026-07-23,2026-07-24
2,CCU-BLR,6E,6E180,2026-07-25,2026-07-27
1,CCU-BLR,6E,6E180,2026-07-26,2026-07-27
2,CCU-BLR,6E,6E180,2026-08-14,2026-08-16
1,CCU-BLR,6E,6E180,2026-08-15,2026-08-16
1,CCU-BLR,6E,6E180,2026-08-22,2026-08-23
1,CCU-BLR,6E,6E180,2026-08-23,2026-08-24
2,CCU-BLR,6E,6E180,2026-08-23,2026-08-25
1,CCU-BLR,6E,6E180,2026-08-24,2026-08-25
5,CCU-BLR,6E,6E180,2026-08-30,2026-09-04
2,CCU-BLR,6E,6E180,2026-09-02,2026-09-04
1,CCU-BLR,6E,6E180,2026-09-03,2026-09-04
2,DEL-COK,AI,AI678,2026-06-07,2026-06-09
1,DEL-COK,AI,AI678,2026-06-08,2026-06-09
2,DEL-COK,AI,AI678,2026-06-20,2026-06-22
1,DEL-COK,AI,AI678,2026-06-21,2026-06-22
2,DEL-COK,AI,AI678,2026-06-26,2026-06-28
1,DEL-COK,AI,AI678,2026-06-27,2026-06-28
2,DEL-COK,AI,AI678,2026-07-13,2026-07-15
1,DEL-COK,AI,AI678,2026-07-14,2026-07-15
2,DEL-COK,AI,AI678,2026-07-16,2026-07-18
1,DEL-COK,AI,AI678,2026-07-17,2026-07-18
2,DEL-COK,AI,AI678,2026-08-01,2026-08-03
1,DEL-COK,AI,AI678,2026-08-02,2026-08-03
2,DEL-COK,AI,AI678,2026-08-03,2026-08-05
1,DEL-COK,AI,AI678,2026-08-04,2026-08-05
2,DEL-COK,AI,AI678,2026-08-04,2026-08-06
1,DEL-COK,AI,AI678,2026-08-05,2026-08-06
2,DEL-COK,AI,AI678,2026-08-06,2026-08-08
1,DEL-COK,AI,AI678,2026-08-07,2026-08-08
2,DEL-COK,AI,AI678,2026-08-09,2026-08-11
1,DEL-COK,AI,AI678,2026-08-10,2026-08-11
2,DEL-COK,AI,AI678,2026-08-15,2026-08-17
1,DEL-COK,AI,AI678,2026-08-16,2026-08-17
1,DEL-COK,AI,AI678,2026-08-19,2026-08-20
2,DEL-COK,AI,AI678,2026-08-23,2026-08-25
1,DEL-COK,AI,AI678,2026-08-24,2026-08-25
2,DEL-COK,AI,AI678,2026-09-03,2026-09-05
2,DEL-COK,6E,6E932,2026-06-08,2026-06-10
1,DEL-COK,6E,6E932,2026-06-09,2026-06-10
1,DEL-COK,6E,6E932,2026-06-18,2026-06-19
2,DEL-COK,6E,6E932,2026-06-20,2026-06-22
1,DEL-COK,6E,6E932,2026-06-21,2026-06-22
1,DEL-COK,6E,6E932,2026-07-11,2026-07-12
1,DEL-COK,6E,6E932,2026-07-18,2026-07-19
2,DEL-COK,6E,6E932,2026-07-30,2026-08-01
1,DEL-COK,6E,6E932,2026-07-31,2026-08-01
1,DEL-COK,6E,6E932,2026-08-09,2026-08-10
2,DEL-COK,6E,6E932,2026-08-13,2026-08-15
5,DEL-COK,6E,6E932,2026-08-13,2026-08-18
1,DEL-COK,6E,6E932,2026-08-14,2026-08-15
2,DEL-COK,6E,6E932,2026-08-16,2026-08-18
1,DEL-COK,6E,6E932,2026-08-17,2026-08-18
2,DEL-COK,6E,6E932,2026-08-19,2026-08-21
1,DEL-COK,6E,6E932,2026-08-20,2026-08-21
1,DEL-COK,QP,QP836,2026-06-06,2026-06-07
1,DEL-COK,QP,QP836,2026-06-22,2026-06-23
5,DEL-COK,QP,QP836,2026-06-24,2026-06-29
2,DEL-COK,QP,QP836,2026-06-27,2026-06-29
1,DEL-COK,QP,QP836,2026-06-28,2026-06-29
1,DEL-COK,QP,QP836,2026-07-04,2026-07-05
1,DEL-COK,QP,QP836,2026-07-08,2026-07-09
2,DEL-COK,QP,QP836,2026-07-11,2026-07-13
1,DEL-COK,QP,QP836,2026-07-12,2026-07-13
2,DEL-COK,QP,QP836,2026-07-13,2026-07-15
1,DEL-COK,QP,QP836,2026-07-14,2026-07-15
2,DEL-COK,QP,QP836,2026-07-23,2026-07-25
1,DEL-COK,QP,QP836,2026-07-24,2026-07-25
2,DEL-COK,QP,QP836,2026-07-25,2026-07-27
1,DEL-COK,QP,QP836,2026-07-26,2026-07-27
2,DEL-COK,QP,QP836,2026-08-11,2026-08-13
1,DEL-COK,QP,QP836,2026-08-12,2026-08-13
1,DEL-COK,QP,QP836,2026-08-15,2026-08-16
2,DEL-COK,QP,QP836,2026-08-29,2026-08-31
1,DEL-COK,QP,QP836,2026-08-30,2026-08-31
1,DEL-COK,SG,SG746,2026-06-10,2026-06-11
1,DEL-COK,SG,SG746,2026-06-13,2026-06-14
1,DEL-COK,SG,SG746,2026-06-19,2026-06-20
2,DEL-COK,SG,SG746,2026-06-19,2026-06-21
1,DEL-COK,SG,SG746,2026-06-20,2026-06-21
1,DEL-COK,SG,SG746,2026-06-22,2026-06-23
1,DEL-COK,SG,SG746,2026-06-26,2026-06-27
1,DEL-COK,SG,SG746,2026-07-04,2026-07-05
2,DEL-COK,SG,SG746,2026-07-05,2026-07-07
1,DEL-COK,SG,SG746,2026-07-06,2026-07-07
1,DEL-COK,SG,SG746,2026-07-09,2026-07-10
1,DEL-COK,SG,SG746,2026-07-11,2026-07-12
2,DEL-COK,SG,SG746,2026-07-26,2026-07-28
1,DEL-COK,SG,SG746,2026-07-27,2026-07-28
2,DEL-COK,SG,SG746,2026-07-27,2026-07-29
1,DEL-COK,SG,SG746,2026-07-28,2026-07-29
1,DEL-COK,SG,SG746,2026-08-13,2026-08-14
1,DEL-COK,SG,SG746,2026-08-19,2026-08-20
2,DEL-COK,SG,SG746,2026-08-24,2026-08-26
1,DEL-COK,SG,SG746,2026-08-25,2026-08-26
2,DEL-COK,SG,SG746,2026-08-25,2026-08-27
1,DEL-COK,SG,SG746,2026-08-26,2026-08-27
2,DEL-COK,SG,SG746,2026-08-26,2026-08-28
1,DEL-COK,SG,SG746,2026-08-27,2026-08-28
1,COK-DEL,IX,IX393,2026-06-06,2026-06-07
1,COK-DEL,IX,IX393,2026-06-10,2026-06-11
2,COK-DEL,IX,IX393,2026-06-10,2026-06-12
1,COK-DEL,IX,IX393,2026-06-11,2026-06-12
1,COK-DEL,IX,IX393,2026-06-14,2026-06-15
2,COK-DEL,IX,IX393,2026-06-14,2026-06-16
1,COK-DEL,IX,IX393,2026-06-15,2026-06-16
2,COK-DEL,IX,IX393,2026-06-17,2026-06-19
1,COK-DEL,IX,IX393,2026-06-18,2026-06-19
2,COK-DEL,IX,IX393,2026-06-20,2026-06-22
1,COK-DEL,IX,IX393,2026-06-21,2026-06-22
1,COK-DEL,IX,IX393,2026-06-26,2026-06-27
1,COK-DEL,IX,IX393,2026-07-03,2026-07-04
1,COK-DEL,IX,IX393,2026-07-07,2026-07-08
2,COK-DEL,IX,IX393,2026-07-16,2026-07-18
1,COK-DEL,IX,IX393,2026-07-17,2026-07-18
2,COK-DEL,IX,IX393,2026-07-24,2026-07-26
1,COK-DEL,IX,IX393,2026-07-25,2026-07-26
2,COK-DEL,IX,IX393,2026-08-01,2026-08-03
1,COK-DEL,IX,IX393,2026-08-02,2026-08-03
2,COK-DEL,IX,IX393,2026-08-06,2026-08-08
1,COK-DEL,IX,IX393,2026-08-07,2026-08-08
2,COK-DEL,IX,IX393,2026-08-09,2026-08-11
1,COK-DEL,IX,IX393,2026-08-10,2026-08-11
2,COK-DEL,IX,IX393,2026-08-28,2026-08-30
1,COK-DEL,IX,IX393,2026-08-29,2026-08-30
1,COK-DEL,IX,IX393,2026-09-01,2026-09-02
1,COK-DEL,AI,AI936,2026-06-06,2026-06-07
1,COK-DEL,AI,AI936,2026-06-08,2026-06-09
2,COK-DEL,AI,AI936,2026-06-08,2026-06-10
1,COK-DEL,AI,AI936,2026-06-09,2026-06-10
1,COK-DEL,AI,AI936,2026-06-14,2026-06-15
2,COK-DEL,AI,AI936,2026-06-18,2026-06-20
1,COK-DEL,AI,AI936,2026-06-19,2026-06-20
2,COK-DEL,AI,AI936,2026-06-25,2026-06-27
1,COK-DEL,AI,AI936,2026-06-26,2026-06-27
1,COK-DEL,AI,AI936,2026-07-02,2026-07-03
2,COK-DEL,AI,AI936,2026-07-03,2026-07-05
1,COK-DEL,AI,AI936,2026-07-04,2026-07-05
1,COK-DEL,AI,AI936,2026-07-06,2026-07-07
2,COK-DEL,AI,AI936,2026-07-09,2026-07-11
1,COK-DEL,AI,AI936,2026-07-10,2026-07-11
1,COK-DEL,AI,AI936,2026-07-27,2026-07-28
2,COK-DEL,AI,AI936,2026-08-01,2026-08-03
1,COK-DEL,AI,AI936,2026-08-02,2026-08-03
2,COK-DEL,AI,AI936,2026-08-04,2026-08-06
1,COK-DEL,AI,AI936,2026-08-05,2026-08-06
2,COK-DEL,AI,AI936,2026-08-14,2026-08-16
1,COK-DEL,AI,AI936,2026-08-15,2026-08-16
2,COK-DEL,AI,AI936,2026-08-18,2026-08-20
1,COK-DEL,AI,AI936,2026-08-19,2026-08-20
5,COK-DEL,AI,AI936,2026-08-20,2026-08-25
2,COK-DEL,AI,AI936,2026-08-23,2026-08-25
1,COK-DEL,AI,AI936,2026-08-24,2026-08-25
1,COK-DEL,AI,AI936,2026-08-26,2026-08-27
2,COK-DEL,AI,AI936,2026-08-28,2026-08-30
1,COK-DEL,AI,AI936,2026-08-29,2026-08-30
5,COK-DEL,AI,AI936,2026-08-29,2026-09-03
2,COK-DEL,AI,AI936,2026-09-01,2026-09-03
5,COK-DEL,AI,AI936,2026-09-01,2026-09-06
1,COK-DEL,AI,AI936,2026-09-02,2026-09-03
2,COK-DEL,9I,9I932,2026-06-12,2026-06-14
1,COK-DEL,9I,9I932,2026-06-13,2026-06-14
1,COK-DEL,9I,9I932,2026-06-15,2026-06-16
2,COK-DEL,9I,9I932,2026-06-18,2026-06-20
1,COK-DEL,9I,9I932,2026-06-19,2026-06-20
1,COK-DEL,9I,9I932,2026-06-20,2026-06-21
2,COK-DEL,9I,9I932,2026-06-28,2026-06-30
1,COK-DEL,9I,9I932,2026-06-29,2026-06-30
1,COK-DEL,9I,9I932,2026-07-02,2026-07-03
2,COK-DEL,9I,9I932,2026-07-04,2026-07-06
1,COK-DEL,9I,9I932,2026-07-05,2026-07-06
1,COK-DEL,9I,9I932,2026-07-10,2026-07-11
2,COK-DEL,9I,9I932,2026-07-11,2026-07-13
1,COK-DEL,9I,9I932,2026-07-12,2026-07-13
1,COK-DEL,9I,9I932,2026-07-13,2026-07-14
2,COK-DEL,9I,9I932,2026-07-14,2026-07-16
1,COK-DEL,9I,9I932,2026-07-15,2026-07-16
5,COK-DEL,9I,9I932,2026-07-15,2026-07-20
1,COK-DEL,9I,9I932,2026-07-18,2026-07-19
2,COK-DEL,9I,9I932,2026-07-18,2026-07-20
1,COK-DEL,9I,9I932,2026-07-19,2026-07-20
1,COK-DEL,9I,9I932,2026-07-29,2026-07-30
2,COK-DEL,9I,9I932,2026-07-31,2026-08-02
1,COK-DEL,9I,9I932,2026-08-01,2026-08-02
2,COK-DEL,9I,9I932,2026-08-03,2026-08-05
1,COK-DEL,9I,9I932,2026-08-04,2026-08-05
2,COK-DEL,9I,9I932,2026-08-05,2026-08-07
1,COK-DEL,9I,9I932,2026-08-06,2026-08-07
5,COK-DEL,9I,9I932,2026-08-10,2026-08-15
2,COK-DEL,9I,9I932,2026-08-13,2026-08-15
1,COK-DEL,9I,9I932,2026-08-14,2026-08-15
2,COK-DEL,9I,9I932,2026-08-21,2026-08-23
1,COK-DEL,9I,9I932,2026-08-22,2026-08-23
2,COK-DEL,9I,9I932,2026-08-29,2026-08-31
1,COK-DEL,9I,9I932,2026-08-30,2026-08-31
2,COK-DEL,9I,9I932,2026-08-30,2026-09-01
1,COK-DEL,9I,9I932,2026-08-31,2026-09-01
2,DEL-SXR,IX,IX363,2026-06-11,2026-06-13
1,DEL-SXR,IX,IX363,2026-06-12,2026-06-13
1,DEL-SXR,IX,IX363,2026-06-13,2026-06-14
1,DEL-SXR,IX,IX363,2026-06-16,2026-06-17
2,DEL-SXR,IX,IX363,2026-06-18,2026-06-20
1,DEL-SXR,IX,IX363,2026-06-19,2026-06-20
2,DEL-SXR,IX,IX363,2026-06-20,2026-06-22
1,DEL-SXR,IX,IX363,2026-06-21,2026-06-22
2,DEL-SXR,IX,IX363,2026-06-21,2026-06-23
1,DEL-SXR,IX,IX363,2026-06-22,2026-06-23
2,DEL-SXR,IX,IX363,2026-06-23,2026-06-25
1,DEL-SXR,IX,IX363,2026-06-24,2026-06-25
5,DEL-SXR,IX,IX363,2026-06-26,2026-07-01
1,DEL-SXR,IX,IX363,2026-06-28,2026-06-29
2,DEL-SXR,IX,IX363,2026-06-29,2026-07-01
1,DEL-SXR,IX,IX363,2026-06-30,2026-07-01
1,DEL-SXR,IX,IX363,2026-07-04,2026-07-05
1,DEL-SXR,IX,IX363,2026-07-05,2026-07-06
2,DEL-SXR,IX,IX363,2026-07-13,2026-07-15
1,DEL-SXR,IX,IX363,2026-07-14,2026-07-15
2,DEL-SXR,IX,IX363,2026-07-19,2026-07-21
1,DEL-SXR,IX,IX363,2026-07-20,2026-07-21
1,DEL-SXR,IX,IX363,2026-07-24,2026-07-25
2,DEL-SXR,IX,IX363,2026-07-27,2026-07-29
1,DEL-SXR,IX,IX363,2026-07-28,2026-07-29
5,DEL-SXR,IX,IX363,2026-07-28,2026-08-02
2,DEL-SXR,IX,IX363,2026-07-31,2026-08-02
5,DEL-SXR,IX,IX363,2026-07-31,2026-08-05
1,DEL-SXR,IX,IX363,2026-08-01,2026-08-02
2,DEL-SXR,IX,IX363,2026-08-03,2026-08-05
1,DEL-SXR,IX,IX363,2026-08-04,2026-08-05
2,DEL-SXR,IX,IX363,2026-08-08,2026-08-10
1,DEL-SXR,IX,IX363,2026-08-09,2026-08-10
5,DEL-SXR,IX,IX363,2026-08-19,2026-08-24
2,DEL-SXR,IX,IX363,2026-08-22,2026-08-24
1,DEL-SXR,IX,IX363,2026-08-23,2026-08-24
1,DEL-SXR,IX,IX363,2026-08-27,2026-08-28
1,DEL-SXR,IX,IX363,2026-08-29,2026-08-30
1,DEL-SXR,6E,6E851,2026-06-08,2026-06-09
2,DEL-SXR,6E,6E851,2026-06-10,2026-06-12
1,DEL-SXR,6E,6E851,2026-06-11,2026-06-12
1,DEL-SXR,6E,6E851,2026-06-13,2026-06-14
1,DEL-SXR,6E,6E851,2026-06-14,2026-06-15
1,DEL-SXR,6E,6E851,2026-06-15,2026-06-16
1,DEL-SXR,6E,6E851,2026-06-17,2026-06-18
2,DEL-SXR,6E,6E851,2026-06-17,2026-06-19
1,DEL-SXR,6E,6E851,2026-06-18,2026-06-19
1,DEL-SXR,6E,6E851,2026-06-21,2026-06-22
1,DEL-SXR,6E,6E851,2026-06-26,2026-06-27
2,DEL-SXR,6E,6E851,2026-06-26,2026-06-28
1,DEL-SXR,6E,6E851,2026-06-27,2026-06-28
1,DEL-SXR,6E,6E851,2026-07-06,2026-07-07
2,DEL-SXR,6E,6E851,2026-07-10,2026-07-12
1,DEL-SXR,6E,6E851,2026-07-11,2026-07-12
1,DEL-SXR,6E,6E851,2026-07-14,2026-07-15
2,DEL-SXR,6E,6E851,2026-07-14,2026-07-16
1,DEL-SXR,6E,6E851,2026-07-15,2026-07-16
1,DEL-SXR,6E,6E851,2026-07-26,2026-07-27
1,DEL-SXR,6E,6E851,2026-07-29,2026-07-30
1,DEL-SXR,6E,6E851,2026-08-02,2026-08-03
1,DEL-SXR,6E,6E851,2026-08-03,2026-08-04
1,DEL-SXR,6E,6E851,2026-08-12,2026-08-13
1,DEL-SXR,6E,6E851,2026-08-13,2026-08-14
1,DEL-SXR,6E,6E851,2026-08-15,2026-08-16
2,DEL-SXR,6E,6E851,2026-08-21,2026-08-23
1,DEL-SXR,6E,6E851,2026-08-22,2026-08-23
2,DEL-SXR,6E,6E851,2026-08-25,2026-08-27
1,DEL-SXR,6E,6E851,2026-08-26,2026-08-27
1,DEL-SXR,6E,6E851,2026-08-28,2026-08-29
2,DEL-SXR,6E,6E851,2026-08-30,2026-09-01
1,DEL-SXR,6E,6E851,2026-08-31,2026-09-01
1,DEL-SXR,6E,6E851,2026-09-02,2026-09-03
2,DEL-SXR,QP,QP231,2026-06-11,2026-06-13
1,DEL-SXR,QP,QP231,2026-06-12,2026-06-13
1,DEL-SXR,QP,QP231,2026-06-18,2026-06-19
1,DEL-SXR,QP,QP231,2026-06-21,2026-06-22
1,DEL-SXR,QP,QP231,2026-06-25,2026-06-26
1,DEL-SXR,QP,QP231,2026-06-28,2026-06-29
2,DEL-SXR,QP,QP231,2026-06-28,2026-06-30
1,DEL-SXR,QP,QP231,2026-06-29,2026-06-30
2,DEL-SXR,QP,QP231,2026-06-29,2026-07-01
1,DEL-SXR,QP,QP231,2026-06-30,2026-07-01
1,DEL-SXR,QP,QP231,2026-07-01,2026-07-02
1,DEL-SXR,QP,QP231,2026-07-02,2026-07-03
2,DEL-SXR,QP,QP231,2026-07-02,2026-07-04
1,DEL-SXR,QP,QP231,2026-07-03,2026-07-04
2,DEL-SXR,QP,QP231,2026-07-06,2026-07-08
1,DEL-SXR,QP,QP231,2026-07-07,2026-07-08
1,DEL-SXR,QP,QP231,2026-07-11,2026-07-12
2,DEL-SXR,QP,QP231,2026-07-11,2026-07-13
1,DEL-SXR,QP,QP231,2026-07-12,2026-07-13
2,DEL-SXR,QP,QP231,2026-07-15,2026-07-17
1,DEL-SXR,QP,QP231,2026-07-16,2026-07-17
2,DEL-SXR,QP,QP231,2026-07-18,2026-07-20
1,DEL-SXR,QP,QP231,2026-07-19,2026-07-20
1,DEL-SXR,QP,QP231,2026-07-25,2026-07-26
1,DEL-SXR,QP,QP231,2026-08-07,2026-08-08
1,DEL-SXR,QP,QP231,2026-08-10,2026-08-11
1,DEL-SXR,QP,QP231,2026-08-26,2026-08-27
1,DEL-SXR,QP,QP231,2026-08-27,2026-08-28
1,DEL-SXR,AI,AI624,2026-06-07,2026-06-08
2,DEL-SXR,AI,AI624,2026-06-07,2026-06-09
1,DEL-SXR,AI,AI624,2026-06-08,2026-06-09
1,DEL-SXR,AI,AI624,2026-06-09,2026-06-10
1,DEL-SXR,AI,AI624,2026-06-16,2026-06-17
2,DEL-SXR,AI,AI624,2026-07-08,2026-07-10
1,DEL-SXR,AI,AI624,2026-07-09,2026-07-10
1,DEL-SXR,AI,AI624,2026-07-12,2026-07-13
2,DEL-SXR,AI,AI624,2026-07-14,2026-07-16
1,DEL-SXR,AI,AI624,2026-07-15,2026-07-16
2,DEL-SXR,AI,AI624,2026-07-15,2026-07-17
1,DEL-SXR,AI,AI624,2026-07-16,2026-07-17
2,DEL-SXR,AI,AI624,2026-07-20,2026-07-22
1,DEL-SXR,AI,AI624,2026-07-21,2026-07-22
2,DEL-SXR,AI,AI624,2026-07-22,2026-07-24
1,DEL-SXR,AI,AI624,2026-07-23,2026-07-24
2,DEL-SXR,AI,AI624,2026-08-07,2026-08-09
1,DEL-SXR,AI,AI624,2026-08-08,2026-08-09
2,DEL-SXR,AI,AI624,2026-08-11,2026-08-13
1,DEL-SXR,AI,AI624,2026-08-12,2026-08-13
2,DEL-SXR,AI,AI624,2026-08-15,2026-08-17
1,DEL-SXR,AI,AI624,2026-08-16,2026-08-17
1,DEL-SXR,AI,AI624,2026-08-25,2026-08-26
2,DEL-SXR,AI,AI624,2026-08-25,2026-08-27
1,DEL-SXR,AI,AI624,2026-08-26,2026-08-27
2,DEL-SXR,AI,AI624,2026-08-27,2026-08-29
1,DEL-SXR,AI,AI624,2026-08-28,2026-08-29
2,DEL-SXR,AI,AI624,2026-09-03,2026-09-05
2,SXR-DEL,IX,IX711,2026-06-06,2026-06-08
1,SXR-DEL,IX,IX711,2026-06-07,2026-06-08
2,SXR-DEL,IX,IX711,2026-06-20,2026-06-22
1,SXR-DEL,IX,IX711,2026-06-21,2026-06-22
1,SXR-DEL,IX,IX711,2026-06-25,2026-06-26
2,SXR-DEL,IX,IX711,2026-06-27,2026-06-29
1,SXR-DEL,IX,IX711,2026-06-28,2026-06-29
2,SXR-DEL,IX,IX711,2026-07-03,2026-07-05
1,SXR-DEL,IX,IX711,2026-07-04,2026-07-05
2,SXR-DEL,IX,IX711,2026-07-13,2026-07-15
1,SXR-DEL,IX,IX711,2026-07-14,2026-07-15
2,SXR-DEL,IX,IX711,2026-07-14,2026-07-16
1,SXR-DEL,IX,IX711,2026-07-15,2026-07-16
2,SXR-DEL,IX,IX711,2026-07-19,2026-07-21
1,SXR-DEL,IX,IX711,2026-07-20,2026-07-21
5,SXR-DEL,IX,IX711,2026-07-20,2026-07-25
1,SXR-DEL,IX,IX711,2026-07-22,2026-07-23
2,SXR-DEL,IX,IX711,2026-07-22,2026-07-24
1,SXR-DEL,IX,IX711,2026-07-23,2026-07-24
2,SXR-DEL,IX,IX711,2026-07-23,2026-07-25
1,SXR-DEL,IX,IX711,2026-07-24,2026-07-25
2,SXR-DEL,IX,IX711,2026-07-25,2026-07-27
1,SXR-DEL,IX,IX711,2026-07-26,2026-07-27
2,SXR-DEL,IX,IX711,2026-07-28,2026-07-30
1,SXR-DEL,IX,IX711,2026-07-29,2026-07-30
2,SXR-DEL,IX,IX711,2026-08-09,2026-08-11
1,SXR-DEL,IX,IX711,2026-08-10,2026-08-11
2,SXR-DEL,IX,IX711,2026-08-10,2026-08-12
1,SXR-DEL,IX,IX711,2026-08-11,2026-08-12
2,SXR-DEL,IX,IX711,2026-08-13,2026-08-15
1,SXR-DEL,IX,IX711,2026-08-14,2026-08-15
2,SXR-DEL,IX,IX711,2026-08-24,2026-08-26
1,SXR-DEL,IX,IX711,2026-08-25,2026-08-26
1,SXR-DEL,IX,IX711,2026-08-31,2026-09-01
2,SXR-DEL,AI,AI206,2026-06-22,2026-06-24
1,SXR-DEL,AI,AI206,2026-06-23,2026-06-24
2,SXR-DEL,AI,AI206,2026-06-25,2026-06-27
1,SXR-DEL,AI,AI206,2026-06-26,2026-06-27
1,SXR-DEL,AI,AI206,2026-06-28,2026-06-29
2,SXR-DEL,AI,AI206,2026-06-28,2026-06-30
1,SXR-DEL,AI,AI206,2026-06-29,2026-06-30
1,SXR-DEL,AI,AI206,2026-07-06,2026-07-07
2,SXR-DEL,AI,AI206,2026-07-06,2026-07-08
1,SXR-DEL,AI,AI206,2026-07-07,2026-07-08
1,SXR-DEL,AI,AI206,2026-07-12,2026-07-13
1,SXR-DEL,AI,AI206,2026-07-15,2026-07-16
1,SXR-DEL,AI,AI206,2026-07-20,2026-07-21
5,SXR-DEL,AI,AI206,2026-07-22,2026-07-27
2,SXR-DEL,AI,AI206,2026-07-23,2026-07-25
1,SXR-DEL,AI,AI206,2026-07-24,2026-07-25
2,SXR-DEL,AI,AI206,2026-07-25,2026-07-27
1,SXR-DEL,AI,AI206,2026-07-26,2026-07-27
2,SXR-DEL,AI,AI206,2026-07-27,2026-07-29
1,SXR-DEL,AI,AI206,2026-07-28,2026-07-29
1,SXR-DEL,AI,AI206,2026-07-29,2026-07-30
1,SXR-DEL,AI,AI206,2026-08-02,2026-08-03
2,SXR-DEL,AI,AI206,2026-08-23,2026-08-25
1,SXR-DEL,AI,AI206,2026-08-24,2026-08-25
2,SXR-DEL,6E,6E278,2026-06-15,2026-06-17
1,SXR-DEL,6E,6E278,2026-06-16,2026-06-17
1,SXR-DEL,6E,6E278,2026-06-23,2026-06-24
2,SXR-DEL,6E,6E278,2026-06-25,2026-06-27
1,SXR-DEL,6E,6E278,2026-06-26,2026-06-27
2,SXR-DEL,6E,6E278,2026-07-06,2026-07-08
1,SXR-DEL,6E,6E278,2026-07-07,2026-07-08
2,SXR-DEL,6E,6E278,2026-07-09,2026-07-11
1,SXR-DEL,6E,6E278,2026-07-10,2026-07-11
2,SXR-DEL,6E,6E278,2026-07-17,2026-07-19
1,SXR-DEL,6E,6E278,2026-07-18,2026-07-19
2,SXR-DEL,6E,6E278,2026-07-21,2026-07-23
1,SXR-DEL,6E,6E278,2026-07-22,2026-07-23
2,SXR-DEL,6E,6E278,2026-08-01,2026-08-03
1,SXR-DEL,6E,6E278,2026-08-02,2026-08-03
2,SXR-DEL,6E,6E278,2026-08-05,2026-08-07
1,SXR-DEL,6E,6E278,2026-08-06,2026-08-07
1,SXR-DEL,6E,6E278,2026-08-08,2026-08-09
2,SXR-DEL,6E,6E278,2026-08-11,2026-08-13
1,SXR-DEL,6E,6E278,2026-08-12,2026-08-13
1,SXR-DEL,6E,6E278,2026-08-14,2026-08-15
2,SXR-DEL,6E,6E278,2026-08-14,2026-08-16
1,SXR-DEL,6E,6E278,2026-08-15,2026-08-16
1,SXR-DEL,6E,6E278,2026-08-16,2026-08-17
2,SXR-DEL,6E,6E278,2026-08-19,2026-08-21
1,SXR-DEL,6E,6E278,2026-08-20,2026-08-21
2,SXR-DEL,6E,6E278,2026-08-21,2026-08-23
1,SXR-DEL,6E,6E278,2026-08-22,2026-08-23
1,SXR-DEL,6E,6E278,2026-08-29,2026-08-30
2,SXR-DEL,6E,6E278,2026-08-29,2026-08-31
1,SXR-DEL,6E,6E278,2026-08-30,2026-08-31
2,SXR-DEL,6E,6E278,2026-08-31,2026-09-02
1,SXR-DEL,6E,6E278,2026-09-01,2026-09-02
1,SXR-DEL,6E,6E278,2026-09-02,2026-09-03
1,DEL-PAT,SG,SG891,2026-06-10,2026-06-11
2,DEL-PAT,SG,SG891,2026-07-08,2026-07-10
1,DEL-PAT,SG,SG891,2026-07-09,2026-07-10
1,DEL-PAT,SG,SG891,2026-07-11,2026-07-12
2,DEL-PAT,SG,SG891,2026-07-13,2026-07-15
1,DEL-PAT,SG,SG891,2026-07-14,2026-07-15
2,DEL-PAT,SG,SG891,2026-07-15,2026-07-17
1,DEL-PAT,SG,SG891,2026-07-16,2026-07-17
2,DEL-PAT,SG,SG891,2026-07-16,2026-07-18
1,DEL-PAT,SG,SG891,2026-07-17,2026-07-18
1,DEL-PAT,SG,SG891,2026-07-21,2026-07-22
2,DEL-PAT,SG,SG891,2026-07-27,2026-07-29
1,DEL-PAT,SG,SG891,2026-07-28,2026-07-29
1,DEL-PAT,SG,SG891,2026-08-03,2026-08-04
2,DEL-PAT,SG,SG891,2026-08-03,2026-08-05
1,DEL-PAT,SG,SG891,2026-08-04,2026-08-05
1,DEL-PAT,SG,SG891,2026-08-11,2026-08-12
1,DEL-PAT,SG,SG891,2026-08-22,2026-08-23
2,DEL-PAT,SG,SG891,2026-08-24,2026-08-26
1,DEL-PAT,SG,SG891,2026-08-25,2026-08-26
1,DEL-PAT,AI,AI176,2026-06-06,2026-06-07
1,DEL-PAT,AI,AI176,2026-06-13,2026-06-14
2,DEL-PAT,AI,AI176,2026-06-14,2026-06-16
1,DEL-PAT,AI,AI176,2026-06-15,2026-06-16
2,DEL-PAT,AI,AI176,2026-07-17,2026-07-19
1,DEL-PAT,AI,AI176,2026-07-18,2026-07-19
2,DEL-PAT,AI,AI176,2026-08-03,2026-08-05
1,DEL-PAT,AI,AI176,2026-08-04,2026-08-05
2,DEL-PAT,AI,AI176,2026-08-07,2026-08-09
1,DEL-PAT,AI,AI176,2026-08-08,2026-08-09
2,DEL-PAT,AI,AI176,2026-08-16,2026-08-18
1,DEL-PAT,AI,AI176,2026-08-17,2026-08-18
2,DEL-PAT,AI,AI176,2026-08-26,2026-08-28
1,DEL-PAT,AI,AI176,2026-08-27,2026-08-28
1,DEL-PAT,AI,AI176,2026-09-03,2026-09-04
2,DEL-PAT,6E,6E804,2026-06-11,2026-06-13
1,DEL-PAT,6E,6E804,2026-06-12,2026-06-13
2,DEL-PAT,6E,6E804,2026-06-12,2026-06-14
1,DEL-PAT,6E,6E804,2026-06-13,2026-06-14
1,DEL-PAT,6E,6E804,2026-06-20,2026-06-21
2,DEL-PAT,6E,6E804,2026-06-23,2026-06-25
1,DEL-PAT,6E,6E804,2026-06-24,2026-06-25
2,DEL-PAT,6E,6E804,2026-06-28,2026-06-30
1,DEL-PAT,6E,6E804,2026-06-29,2026-06-30
2,DEL-PAT,6E,6E804,2026-06-29,2026-07-01
1,DEL-PAT,6E,6E804,2026-06-30,2026-07-01
5,DEL-PAT,6E,6E804,2026-07-12,2026-07-17
2,DEL-PAT,6E,6E804,2026-07-13,2026-07-15
1,DEL-PAT,6E,6E804,2026-07-14,2026-07-15
2,DEL-PAT,6E,6E804,2026-07-15,2026-07-17
1,DEL-PAT,6E,6E804,2026-07-16,2026-07-17
2,DEL-PAT,6E,6E804,2026-07-16,2026-07-18
1,DEL-PAT,6E,6E804,2026-07-17,2026-07-18
1,DEL-PAT,6E,6E804,2026-07-18,2026-07-19
1,DEL-PAT,6E,6E804,2026-08-01,2026-08-02
5,DEL-PAT,6E,6E804,2026-08-05,2026-08-10
2,DEL-PAT,6E,6E804,2026-08-08,2026-08-10
1,DEL-PAT,6E,6E804,2026-08-09,2026-08-10
2,DEL-PAT,6E,6E804,2026-08-18,2026-08-20
1,DEL-PAT,6E,6E804,2026-08-19,2026-08-20
2,DEL-PAT,6E,6E804,2026-08-21,2026-08-23
1,DEL-PAT,6E,6E804,2026-08-22,2026-08-23
2,DEL-PAT,6E,6E804,2026-08-26,2026-08-28
1,DEL-PAT,6E,6E804,2026-08-27,2026-08-28
2,DEL-PAT,6E,6E804,2026-08-31,2026-09-02
1,DEL-PAT,6E,6E804,2026-09-01,2026-09-02
2,PAT-DEL,AI,AI952,2026-06-06,2026-06-08
1,PAT-DEL,AI,AI952,2026-06-07,2026-06-08
2,PAT-DEL,AI,AI952,2026-06-07,2026-06-09
1,PAT-DEL,AI,AI952,2026-06-08,2026-06-09
2,PAT-DEL,AI,AI952,2026-06-09,2026-06-11
1,PAT-DEL,AI,AI952,2026-06-10,2026-06-11
1,PAT-DEL,AI,AI952,2026-06-12,2026-06-13
2,PAT-DEL,AI,AI952,2026-06-12,2026-06-14
1,PAT-DEL,AI,AI952,2026-06-13,2026-06-14
2,PAT-DEL,AI,AI952,2026-06-29,2026-07-01
1,PAT-DEL,AI,AI952,2026-06-30,2026-07-01
2,PAT-DEL,AI,AI952,2026-06-30,2026-07-02
1,PAT-DEL,AI,AI952,2026-07-01,2026-07-02
1,PAT-DEL,AI,AI952,2026-07-08,2026-07-09
2,PAT-DEL,AI,AI952,2026-07-16,2026-07-18
1,PAT-DEL,AI,AI952,2026-07-17,2026-07-18
2,PAT-DEL,AI,AI952,2026-07-24,2026-07-26
1,PAT-DEL,AI,AI952,2026-07-25,2026-07-26
2,PAT-DEL,AI,AI952,2026-07-26,2026-07-28
1,PAT-DEL,AI,AI952,2026-07-27,2026-07-28
1,PAT-DEL,AI,AI952,2026-07-31,2026-08-01
2,PAT-DEL,AI,AI952,2026-08-01,2026-08-03
1,PAT-DEL,AI,AI952,2026-08-02,2026-08-03
2,PAT-DEL,AI,AI952,2026-08-03,2026-08-05
1,PAT-DEL,AI,AI952,2026-08-04,2026-08-05
1,PAT-DEL,AI,AI952,2026-08-14,2026-08-15
2,PAT-DEL,AI,AI952,2026-08-22,2026-08-24
1,PAT-DEL,AI,AI952,2026-08-23,2026-08-24
2,PAT-DEL,QP,QP339,2026-06-06,2026-06-08
1,PAT-DEL,QP,QP339,2026-06-07,2026-06-08
2,PAT-DEL,QP,QP339,2026-06-07,2026-06-09
1,PAT-DEL,QP,QP339,2026-06-08,2026-06-09
1,PAT-DEL,QP,QP339,2026-06-09,2026-06-10
2,PAT-DEL,QP,QP339,2026-06-15,2026-06-17
1,PAT-DEL,QP,QP339,2026-06-16,2026-06-17
2,PAT-DEL,QP,QP339,2026-06-16,2026-06-18
1,PAT-DEL,QP,QP339,2026-06-17,2026-06-18
1,PAT-DEL,QP,QP339,2026-06-20,2026-06-21
1,PAT-DEL,QP,QP339,2026-06-25,2026-06-26
1,PAT-DEL,QP,QP339,2026-06-27,2026-06-28
2,PAT-DEL,QP,QP339,2026-07-02,2026-07-04
1,PAT-DEL,QP,QP339,2026-07-03,2026-07-04
2,PAT-DEL,QP,QP339,2026-07-03,2026-07-05
1,PAT-DEL,QP,QP339,2026-07-04,2026-07-05
5,PAT-DEL,QP,QP339,2026-07-04,2026-07-09
1,PAT-DEL,QP,QP339,2026-07-05,2026-07-06
2,PAT-DEL,QP,QP339,2026-07-07,2026-07-09
1,PAT-DEL,QP,QP339,2026-07-08,2026-07-09
1,PAT-DEL,QP,QP339,2026-07-12,2026-07-13
2,PAT-DEL,QP,QP339,2026-07-15,2026-07-17
1,PAT-DEL,QP,QP339,2026-07-16,2026-07-17
2,PAT-DEL,QP,QP339,2026-07-16,2026-07-18
1,PAT-DEL,QP,QP339,2026-07-17,2026-07-18
2,PAT-DEL,QP,QP339,2026-07-22,2026-07-24
1,PAT-DEL,QP,QP339,2026-07-23,2026-07-24
1,PAT-DEL,QP,QP339,2026-07-24,2026-07-25
1,PAT-DEL,QP,QP339,2026-07-25,2026-07-26
1,PAT-DEL,QP,QP339,2026-07-28,2026-07-29
2,PAT-DEL,QP,QP339,2026-07-29,2026-07-31
1,PAT-DEL,QP,QP339,2026-07-30,2026-07-31
2,PAT-DEL,QP,QP339,2026-08-02,2026-08-04
1,PAT-DEL,QP,QP339,2026-08-03,2026-08-04
1,PAT-DEL,QP,QP339,2026-08-06,2026-08-07
5,PAT-DEL,QP,QP339,2026-08-09,2026-08-14
2,PAT-DEL,QP,QP339,2026-08-11,2026-08-13
1,PAT-DEL,QP,QP339,2026-08-12,2026-08-13
2,PAT-DEL,QP,QP339,2026-08-12,2026-08-14
1,PAT-DEL,QP,QP339,2026-08-13,2026-08-14
2,PAT-DEL,QP,QP339,2026-08-18,2026-08-20
1,PAT-DEL,QP,QP339,2026-08-19,2026-08-20
5,PAT-DEL,QP,QP339,2026-08-21,2026-08-26
1,PAT-DEL,QP,QP339,2026-08-24,2026-08-25
2,PAT-DEL,QP,QP339,2026-08-24,2026-08-26
1,PAT-DEL,QP,QP339,2026-08-25,2026-08-26
1,PAT-DEL,IX,IX405,2026-06-10,2026-06-11
1,PAT-DEL,IX,IX405,2026-06-11,2026-06-12
2,PAT-DEL,IX,IX405,2026-06-11,2026-06-13
1,PAT-DEL,IX,IX405,2026-06-12,2026-06-13
2,PAT-DEL,IX,IX405,2026-06-21,2026-06-23
1,PAT-DEL,IX,IX405,2026-06-22,2026-06-23
2,PAT-DEL,IX,IX405,2026-06-26,2026-06-28
1,PAT-DEL,IX,IX405,2026-06-27,2026-06-28
1,PAT-DEL,IX,IX405,2026-07-01,2026-07-02
2,PAT-DEL,IX,IX405,2026-07-04,2026-07-06
1,PAT-DEL,IX,IX405,2026-07-05,2026-07-06
2,PAT-DEL,IX,IX405,2026-07-08,2026-07-10
1,PAT-DEL,IX,IX405,2026-07-09,2026-07-10
1,PAT-DEL,IX,IX405,2026-07-12,2026-07-13
1,PAT-DEL,IX,IX405,2026-07-13,2026-07-14
2,PAT-DEL,IX,IX405,2026-07-17,2026-07-19
1,PAT-DEL,IX,IX405,2026-07-18,2026-07-19
1,PAT-DEL,IX,IX405,2026-07-20,2026-07-21
2,PAT-DEL,IX,IX405,2026-07-20,2026-07-22
1,PAT-DEL,IX,IX405,2026-07-21,2026-07-22
1,PAT-DEL,IX,IX405,2026-07-22,2026-07-23
1,PAT-DEL,IX,IX405,2026-07-26,2026-07-27
2,PAT-DEL,IX,IX405,2026-07-29,2026-07-31
1,PAT-DEL,IX,IX405,2026-07-30,2026-07-31
1,PAT-DEL,IX,IX405,2026-08-04,2026-08-05
2,PAT-DEL,IX,IX405,2026-08-07,2026-08-09
1,PAT-DEL,IX,IX405,2026-08-08,2026-08-09
1,PAT-DEL,IX,IX405,2026-08-11,2026-08-12
5,PAT-DEL,IX,IX405,2026-08-11,2026-08-16
2,PAT-DEL,IX,IX405,2026-08-14,2026-08-16
1,PAT-DEL,IX,IX405,2026-08-15,2026-08-16
2,PAT-DEL,IX,IX405,2026-08-19,2026-08-21
1,PAT-DEL,IX,IX405,2026-08-20,2026-08-21
1,PAT-DEL,IX,IX405,2026-08-22,2026-08-23
2,PAT-DEL,6E,6E328,2026-06-10,2026-06-12
1,PAT-DEL,6E,6E328,2026-06-11,2026-06-12
1,PAT-DEL,6E,6E328,2026-06-12,2026-06-13
2,PAT-DEL,6E,6E328,2026-06-17,2026-06-19
1,PAT-DEL,6E,6E328,2026-06-18,2026-06-19
2,PAT-DEL,6E,6E328,2026-06-19,2026-06-21
1,PAT-DEL,6E,6E328,2026-06-20,2026-06-21
1,PAT-DEL,6E,6E328,2026-06-21,2026-06-22
2,PAT-DEL,6E,6E328,2026-06-24,2026-06-26
1,PAT-DEL,6E,6E328,2026-06-25,2026-06-26
2,PAT-DEL,6E,6E328,2026-07-18,2026-07-20
1,PAT-DEL,6E,6E328,2026-07-19,2026-07-20
2,PAT-DEL,6E,6E328,2026-07-19,2026-07-21
1,PAT-DEL,6E,6E328,2026-07-20,2026-07-21
2,PAT-DEL,6E,6E328,2026-07-28,2026-07-30
1,PAT-DEL,6E,6E328,2026-07-29,2026-07-30
1,PAT-DEL,6E,6E328,2026-08-01,2026-08-02
2,PAT-DEL,6E,6E328,2026-08-04,2026-08-06
1,PAT-DEL,6E,6E328,2026-08-05,2026-08-06
2,PAT-DEL,6E,6E328,2026-08-06,2026-08-08
1,PAT-DEL,6E,6E328,2026-08-07,2026-08-08
2,PAT-DEL,6E,6E328,2026-08-09,2026-08-11
1,PAT-DEL,6E,6E328,2026-08-10,2026-08-11
5,PAT-DEL,6E,6E328,2026-08-10,2026-08-15
1,PAT-DEL,6E,6E328,2026-08-13,2026-08-14
2,PAT-DEL,6E,6E328,2026-08-13,2026-08-15
1,PAT-DEL,6E,6E328,2026-08-14,2026-08-15
1,PAT-DEL,6E,6E328,2026-08-21,2026-08-22
1,PAT-DEL,6E,6E328,2026-08-26,2026-08-27
2,PAT-DEL,6E,6E328,2026-08-26,2026-08-28
1,PAT-DEL,6E,6E328,2026-08-27,2026-08-28
1,PAT-DEL,6E,6E328,2026-08-28,2026-08-29
2,PAT-DEL,6E,6E328,2026-08-29,2026-08-31
1,PAT-DEL,6E,6E328,2026-08-30,2026-08-31
2,PAT-DEL,6E,6E328,2026-09-01,2026-09-03
1,PAT-DEL,6E,6E328,2026-09-02,2026-09-03
2,PAT-DEL,SG,SG749,2026-06-07,2026-06-09
1,PAT-DEL,SG,SG749,2026-06-08,2026-06-09
1,PAT-DEL,SG,SG749,2026-06-11,2026-06-12
2,PAT-DEL,SG,SG749,2026-07-07,2026-07-09
1,PAT-DEL,SG,SG749,2026-07-08,2026-07-09
2,PAT-DEL,SG,SG749,2026-07-08,2026-07-10
1,PAT-DEL,SG,SG749,2026-07-09,2026-07-10
1,PAT-DEL,SG,SG749,2026-07-12,2026-07-13
2,PAT-DEL,SG,SG749,2026-07-12,2026-07-14
1,PAT-DEL,SG,SG749,2026-07-13,2026-07-14
2,PAT-DEL,SG,SG749,2026-07-13,2026-07-15
1,PAT-DEL,SG,SG749,2026-07-14,2026-07-15
1,PAT-DEL,SG,SG749,2026-07-19,2026-07-20
2,PAT-DEL,SG,SG749,2026-07-19,2026-07-21
1,PAT-DEL,SG,SG749,2026-07-20,2026-07-21
2,PAT-DEL,SG,SG749,2026-07-24,2026-07-26
1,PAT-DEL,SG,SG749,2026-07-25,2026-07-26
2,PAT-DEL,SG,SG749,2026-08-06,2026-08-08
1,PAT-DEL,SG,SG749,2026-08-07,2026-08-08
2,PAT-DEL,SG,SG749,2026-08-07,2026-08-09
1,PAT-DEL,SG,SG749,2026-08-08,2026-08-09
1,PAT-DEL,SG,SG749,2026-08-15,2026-08-16
1,PAT-DEL,SG,SG749,2026-08-21,2026-08-22
1,PAT-DEL,SG,SG749,2026-08-23,2026-08-24
1,DEL-LKO,AI,AI401,2026-06-09,2026-06-10
1,DEL-LKO,AI,AI401,2026-06-13,2026-06-14
2,DEL-LKO,AI,AI401,2026-06-17,2026-06-19
1,DEL-LKO,AI,AI401,2026-06-18,2026-06-19
1,DEL-LKO,AI,AI401,2026-06-21,2026-06-22
2,DEL-LKO,AI,AI401,2026-06-22,2026-06-24
1,DEL-LKO,AI,AI401,2026-06-23,2026-06-24
1,DEL-LKO,AI,AI401,2026-07-04,2026-07-05
1,DEL-LKO,AI,AI401,2026-07-09,2026-07-10
2,DEL-LKO,AI,AI401,2026-07-10,2026-07-12
1,DEL-LKO,AI,AI401,2026-07-11,2026-07-12
2,DEL-LKO,AI,AI401,2026-07-15,2026-07-17
1,DEL-LKO,AI,AI401,2026-07-16,2026-07-17
1,DEL-LKO,AI,AI401,2026-07-23,2026-07-24
1,DEL-LKO,AI,AI401,2026-07-25,2026-07-26
2,DEL-LKO,AI,AI401,2026-08-10,2026-08-12
1,DEL-LKO,AI,AI401,2026-08-11,2026-08-12
2,DEL-LKO,AI,AI401,2026-08-21,2026-08-23
1,DEL-LKO,AI,AI401,2026-08-22,2026-08-23
1,DEL-LKO,AI,AI401,2026-08-27,2026-08-28
2,DEL-LKO,AI,AI401,2026-08-27,2026-08-29
1,DEL-LKO,AI,AI401,2026-08-28,2026-08-29
2,DEL-LKO,AI,AI401,2026-08-28,2026-08-30
1,DEL-LKO,AI,AI401,2026-08-29,2026-08-30
2,DEL-LKO,AI,AI401,2026-08-29,2026-08-31
1,DEL-LKO,AI,AI401,2026-08-30,2026-08-31
2,DEL-LKO,AI,AI401,2026-09-01,2026-09-03
1,DEL-LKO,AI,AI401,2026-09-02,2026-09-03
1,DEL-LKO,IX,IX261,2026-06-11,2026-06-12
1,DEL-LKO,IX,IX261,2026-06-14,2026-06-15
1,DEL-LKO,IX,IX261,2026-06-18,2026-06-19
2,DEL-LKO,IX,IX261,2026-06-28,2026-06-30
1,DEL-LKO,IX,IX261,2026-06-29,2026-06-30
2,DEL-LKO,IX,IX261,2026-07-04,2026-07-06
1,DEL-LKO,IX,IX261,2026-07-05,2026-07-06
1,DEL-LKO,IX,IX261,2026-07-10,2026-07-11
2,DEL-LKO,IX,IX261,2026-07-10,2026-07-12
1,DEL-LKO,IX,IX261,2026-07-11,2026-07-12
2,DEL-LKO,IX,IX261,2026-07-17,2026-07-19
1,DEL-LKO,IX,IX261,2026-07-18,2026-07-19
2,DEL-LKO,IX,IX261,2026-07-24,2026-07-26
1,DEL-LKO,IX,IX261,2026-07-25,2026-07-26
2,DEL-LKO,IX,IX261,2026-07-29,2026-07-31
1,DEL-LKO,IX,IX261,2026-07-30,2026-07-31
1,DEL-LKO,IX,IX261,2026-08-02,2026-08-03
1,DEL-LKO,IX,IX261,2026-08-09,2026-08-10
2,DEL-LKO,IX,IX261,2026-08-09,2026-08-11
1,DEL-LKO,IX,IX261,2026-08-10,2026-08-11
2,DEL-LKO,IX,IX261,2026-08-12,2026-08-14
1,DEL-LKO,IX,IX261,2026-08-13,2026-08-14
1,DEL-LKO,IX,IX261,2026-08-15,2026-08-16
1,DEL-LKO,IX,IX261,2026-08-20,2026-08-21
1,DEL-LKO,IX,IX261,2026-08-24,2026-08-25
2,DEL-LKO,IX,IX261,2026-08-28,2026-08-30
1,DEL-LKO,IX,IX261,2026-08-29,2026-08-30
1,DEL-LKO,IX,IX261,2026-08-31,2026-09-01
5,DEL-LKO,IX,IX261,2026-09-02,2026-09-07
1,DEL-LKO,SG,SG492,2026-06-08,2026-06-09
1,DEL-LKO,SG,SG492,2026-06-09,2026-06-10
1,DEL-LKO,SG,SG492,2026-06-15,2026-06-16
2,DEL-LKO,SG,SG492,2026-06-16,2026-06-18
1,DEL-LKO,SG,SG492,2026-06-17,2026-06-18
2,DEL-LKO,SG,SG492,2026-06-28,2026-06-30
1,DEL-LKO,SG,SG492,2026-06-29,2026-06-30
2,DEL-LKO,SG,SG492,2026-07-03,2026-07-05
1,DEL-LKO,SG,SG492,2026-07-04,2026-07-05
1,DEL-LKO,SG,SG492,2026-07-06,2026-07-07
1,DEL-LKO,SG,SG492,2026-07-07,2026-07-08
5,DEL-LKO,SG,SG492,2026-07-15,2026-07-20
2,DEL-LKO,SG,SG492,2026-07-18,2026-07-20
1,DEL-LKO,SG,SG492,2026-07-19,2026-07-20
2,DEL-LKO,SG,SG492,2026-08-02,2026-08-04
1,DEL-LKO,SG,SG492,2026-08-03,2026-08-04
1,DEL-LKO,SG,SG492,2026-08-06,2026-08-07
1,DEL-LKO,SG,SG492,2026-08-11,2026-08-12
2,DEL-LKO,SG,SG492,2026-08-16,2026-08-18
1,DEL-LKO,SG,SG492,2026-08-17,2026-08-18
1,DEL-LKO,SG,SG492,2026-08-24,2026-08-25
1,DEL-LKO,6E,6E566,2026-06-08,2026-06-09
2,DEL-LKO,6E,6E566,2026-06-20,2026-06-22
1,DEL-LKO,6E,6E566,2026-06-21,2026-06-22
2,DEL-LKO,6E,6E566,2026-07-02,2026-07-04
1,DEL-LKO,6E,6E566,2026-07-03,2026-07-04
2,DEL-LKO,6E,6E566,2026-07-10,2026-07-12
1,DEL-LKO,6E,6E566,2026-07-11,2026-07-12
1,DEL-LKO,6E,6E566,2026-07-21,2026-07-22
2,DEL-LKO,6E,6E566,2026-07-26,2026-07-28
1,DEL-LKO,6E,6E566,2026-07-27,2026-07-28
2,DEL-LKO,6E,6E566,2026-08-04,2026-08-06
1,DEL-LKO,6E,6E566,2026-08-05,2026-08-06
2,DEL-LKO,6E,6E566,2026-08-14,2026-08-16
1,DEL-LKO,6E,6E566,2026-08-15,2026-08-16
2,DEL-LKO,6E,6E566,2026-08-26,2026-08-28
1,DEL-LKO,6E,6E566,2026-08-27,2026-08-28
1,DEL-LKO,6E,6E566,2026-09-03,2026-09-04
2,DEL-LKO,6E,6E566,2026-09-03,2026-09-05
1,LKO-DEL,SG,SG924,2026-06-06,2026-06-07
2,LKO-DEL,SG,SG924,2026-06-09,2026-06-11
1,LKO-DEL,SG,SG924,2026-06-10,2026-06-11
1,LKO-DEL,SG,SG924,2026-06-14,2026-06-15
2,LKO-DEL,SG,SG924,2026-06-20,2026-06-22
1,LKO-DEL,SG,SG924,2026-06-21,2026-06-22
2,LKO-DEL,SG,SG924,2026-06-23,2026-06-25
1,LKO-DEL,SG,SG924,2026-06-24,2026-06-25
2,LKO-DEL,SG,SG924,2026-06-28,2026-06-30
1,LKO-DEL,SG,SG924,2026-06-29,2026-06-30
2,LKO-DEL,SG,SG924,2026-06-30,2026-07-02
1,LKO-DEL,SG,SG924,2026-07-01,2026-07-02
2,LKO-DEL,SG,SG924,2026-07-06,2026-07-08
1,LKO-DEL,SG,SG924,2026-07-07,2026-07-08
2,LKO-DEL,SG,SG924,2026-07-08,2026-07-10
1,LKO-DEL,SG,SG924,2026-07-09,2026-07-10
2,LKO-DEL,SG,SG924,2026-07-12,2026-07-14
1,LKO-DEL,SG,SG924,2026-07-13,2026-07-14
2,LKO-DEL,SG,SG924,2026-07-17,2026-07-19
1,LKO-DEL,SG,SG924,2026-07-18,2026-07-19
2,LKO-DEL,SG,SG924,2026-08-02,2026-08-04
1,LKO-DEL,SG,SG924,2026-08-03,2026-08-04
1,LKO-DEL,SG,SG924,2026-08-17,2026-08-18
2,LKO-DEL,SG,SG924,2026-08-18,2026-08-20
1,LKO-DEL,SG,SG924,2026-08-19,2026-08-20
1,LKO-DEL,SG,SG924,2026-08-22,2026-08-23
2,LKO-DEL,SG,SG924,2026-08-31,2026-09-02
1,LKO-DEL,SG,SG924,2026-09-01,2026-09-02
1,LKO-DEL,AI,AI174,2026-06-07,2026-06-08
1,LKO-DEL,AI,AI174,2026-06-17,2026-06-18
2,LKO-DEL,AI,AI174,2026-06-17,2026-06-19
1,LKO-DEL,AI,AI174,2026-06-18,2026-06-19
2,LKO-DEL,AI,AI174,2026-06-26,2026-06-28
1,LKO-DEL,AI,AI174,2026-06-27,2026-06-28
1,LKO-DEL,AI,AI174,2026-07-03,2026-07-04
2,LKO-DEL,AI,AI174,2026-07-07,2026-07-09
1,LKO-DEL,AI,AI174,2026-07-08,2026-07-09
5,LKO-DEL,AI,AI174,2026-07-13,2026-07-18
1,LKO-DEL,AI,AI174,2026-07-15,2026-07-16
2,LKO-DEL,AI,AI174,2026-07-15,2026-07-17
1,LKO-DEL,AI,AI174,2026-07-16,2026-07-17
2,LKO-DEL,AI,AI174,2026-07-16,2026-07-18
5,LKO-DEL,AI,AI174,2026-07-16,2026-07-21
1,LKO-DEL,AI,AI174,2026-07-17,2026-07-18
1,LKO-DEL,AI,AI174,2026-07-18,2026-07-19
2,LKO-DEL,AI,AI174,2026-07-19,2026-07-21
1,LKO-DEL,AI,AI174,2026-07-20,2026-07-21
1,LKO-DEL,AI,AI174,2026-07-29,2026-07-30
1,LKO-DEL,AI,AI174,2026-07-31,2026-08-01
1,LKO-DEL,AI,AI174,2026-08-02,2026-08-03
1,LKO-DEL,AI,AI174,2026-08-07,2026-08-08
1,LKO-DEL,AI,AI174,2026-08-09,2026-08-10
2,LKO-DEL,AI,AI174,2026-08-19,2026-08-21
1,LKO-DEL,AI,AI174,2026-08-20,2026-08-21
2,LKO-DEL,AI,AI174,2026-08-23,2026-08-25
1,LKO-DEL,AI,AI174,2026-08-24,2026-08-25
1,LKO-DEL,AI,AI174,2026-08-27,2026-08-28
1,LKO-DEL,AI,AI174,2026-08-31,2026-09-01
2,LKO-DEL,6E,6E728,2026-06-08,2026-06-10
1,LKO-DEL,6E,6E728,2026-06-09,2026-06-10
2,LKO-DEL,6E,6E728,2026-06-09,2026-06-11
1,LKO-DEL,6E,6E728,2026-06-10,2026-06-11
1,LKO-DEL,6E,6E728,2026-06-11,2026-06-12
2,LKO-DEL,6E,6E728,2026-06-13,2026-06-15
1,LKO-DEL,6E,6E728,2026-06-14,2026-06-15
2,LKO-DEL,6E,6E728,2026-06-14,2026-06-16
1,LKO-DEL,6E,6E728,2026-06-15,2026-06-16
2,LKO-DEL,6E,6E728,2026-06-15,2026-06-17
1,LKO-DEL,6E,6E728,2026-06-16,2026-06-17
2,LKO-DEL,6E,6E728,2026-06-18,2026-06-20
1,LKO-DEL,6E,6E728,2026-06-19,2026-06-20
2,LKO-DEL,6E,6E728,2026-06-30,2026-07-02
1,LKO-DEL,6E,6E728,2026-07-01,2026-07-02
2,LKO-DEL,6E,6E728,2026-07-02,2026-07-04
1,LKO-DEL,6E,6E728,2026-07-03,2026-07-04
1,LKO-DEL,6E,6E728,2026-08-07,2026-08-08
1,LKO-DEL,6E,6E728,2026-08-08,2026-08-09
1,LKO-DEL,6E,6E728,2026-08-11,2026-08-12
2,LKO-DEL,6E,6E728,2026-08-11,2026-08-13
1,LKO-DEL,6E,6E728,2026-08-12,2026-08-13
1,LKO-DEL,6E,6E728,2026-08-14,2026-08-15
1,LKO-DEL,6E,6E728,2026-08-17,2026-08-18
2,LKO-DEL,QP,QP921,2026-06-16,2026-06-18
1,LKO-DEL,QP,QP921,2026-06-17,2026-06-18
2,LKO-DEL,QP,QP921,2026-06-25,2026-06-27
1,LKO-DEL,QP,QP921,2026-06-26,2026-06-27
2,LKO-DEL,QP,QP921,2026-07-01,2026-07-03
1,LKO-DEL,QP,QP921,2026-07-02,2026-07-03
5,LKO-DEL,QP,QP921,2026-07-04,2026-07-09
2,LKO-DEL,QP,QP921,2026-07-07,2026-07-09
1,LKO-DEL,QP,QP921,2026-07-08,2026-07-09
1,LKO-DEL,QP,QP921,2026-07-09,2026-07-10
2,LKO-DEL,QP,QP921,2026-07-14,2026-07-16
1,LKO-DEL,QP,QP921,2026-07-15,2026-07-16
1,LKO-DEL,QP,QP921,2026-07-16,2026-07-17
2,LKO-DEL,QP,QP921,2026-07-27,2026-07-29
1,LKO-DEL,QP,QP921,2026-07-28,2026-07-29
2,LKO-DEL,QP,QP921,2026-08-05,2026-08-07
1,LKO-DEL,QP,QP921,2026-08-06,2026-08-07
1,LKO-DEL,QP,QP921,2026-08-13,2026-08-14
2,LKO-DEL,QP,QP921,2026-08-21,2026-08-23
1,LKO-DEL,QP,QP921,2026-08-22,2026-08-23
2,LKO-DEL,QP,QP921,2026-08-22,2026-08-24
1,LKO-DEL,QP,QP921,2026-08-23,2026-08-24
2,LKO-DEL,QP,QP921,2026-08-25,2026-08-27
1,LKO-DEL,QP,QP921,2026-08-26,2026-08-27
2,LKO-DEL,QP,QP921,2026-08-28,2026-08-30
1,LKO-DEL,QP,QP921,2026-08-29,2026-08-30
1,LKO-DEL,QP,QP921,2026-09-02,2026-09-03
1,BOM-GOI,6E,6E938,2026-06-14,2026-06-15
2,BOM-GOI,6E,6E938,2026-06-14,2026-06-16
1,BOM-GOI,6E,6E938,2026-06-15,2026-06-16
2,BOM-GOI,6E,6E938,2026-06-17,2026-06-19
1,BOM-GOI,6E,6E938,2026-06-18,2026-06-19
1,BOM-GOI,6E,6E938,2026-06-19,2026-06-20
1,BOM-GOI,6E,6E938,2026-06-22,2026-06-23
2,BOM-GOI,6E,6E938,2026-07-09,2026-07-11
1,BOM-GOI,6E,6E938,2026-07-10,2026-07-11
2,BOM-GOI,6E,6E938,2026-07-10,2026-07-12
1,BOM-GOI,6E,6E938,2026-07-11,2026-07-12
2,BOM-GOI,6E,6E938,2026-07-11,2026-07-13
1,BOM-GOI,6E,6E938,2026-07-12,2026-07-13
1,BOM-GOI,6E,6E938,2026-07-13,2026-07-14
2,BOM-GOI,6E,6E938,2026-07-14,2026-07-16
1,BOM-GOI,6E,6E938,2026-07-15,2026-07-16
2,BOM-GOI,6E,6E938,2026-07-20,2026-07-22
1,BOM-GOI,6E,6E938,2026-07-21,2026-07-22
2,BOM-GOI,6E,6E938,2026-07-22,2026-07-24
1,BOM-GOI,6E,6E938,2026-07-23,2026-07-24
2,BOM-GOI,6E,6E938,2026-07-25,2026-07-27
1,BOM-GOI,6E,6E938,2026-07-26,2026-07-27
2,BOM-GOI,6E,6E938,2026-07-31,2026-08-02
1,BOM-GOI,6E,6E938,2026-08-01,2026-08-02
2,BOM-GOI,6E,6E938,2026-08-03,2026-08-05
1,BOM-GOI,6E,6E938,2026-08-04,2026-08-05
2,BOM-GOI,6E,6E938,2026-08-04,2026-08-06
1,BOM-GOI,6E,6E938,2026-08-05,2026-08-06
2,BOM-GOI,6E,6E938,2026-08-05,2026-08-07
1,BOM-GOI,6E,6E938,2026-08-06,2026-08-07
2,BOM-GOI,6E,6E938,2026-08-07,2026-08-09
1,BOM-GOI,6E,6E938,2026-08-08,2026-08-09
2,BOM-GOI,6E,6E938,2026-08-13,2026-08-15
1,BOM-GOI,6E,6E938,2026-08-14,2026-08-15
1,BOM-GOI,6E,6E938,2026-08-16,2026-08-17
5,BOM-GOI,6E,6E938,2026-08-24,2026-08-29
2,BOM-GOI,6E,6E938,2026-08-26,2026-08-28
1,BOM-GOI,6E,6E938,2026-08-27,2026-08-28
2,BOM-GOI,6E,6E938,2026-08-27,2026-08-29
1,BOM-GOI,6E,6E938,2026-08-28,2026-08-29
2,BOM-GOI,6E,6E938,2026-08-28,2026-08-30
1,BOM-GOI,6E,6E938,2026-08-29,2026-08-30
2,BOM-GOI,6E,6E938,2026-08-29,2026-08-31
1,BOM-GOI,6E,6E938,2026-08-30,2026-08-31
1,BOM-GOI,6E,6E938,2026-09-03,2026-09-04
2,BOM-GOI,AI,AI365,2026-06-06,2026-06-08
1,BOM-GOI,AI,AI365,2026-06-07,2026-06-08
1,BOM-GOI,AI,AI365,2026-06-10,2026-06-11
5,BOM-GOI,AI,AI365,2026-06-14,2026-06-19
2,BOM-GOI,AI,AI365,2026-06-17,2026-06-19
1,BOM-GOI,AI,AI365,2026-06-18,2026-06-19
2,BOM-GOI,AI,AI365,2026-06-18,2026-06-20
1,BOM-GOI,AI,AI365,2026-06-19,2026-06-20
1,BOM-GOI,AI,AI365,2026-06-25,2026-06-26
2,BOM-GOI,AI,AI365,2026-06-28,2026-06-30
1,BOM-GOI,AI,AI365,2026-06-29,2026-06-30
1,BOM-GOI,AI,AI365,2026-07-02,2026-07-03
2,BOM-GOI,AI,AI365,2026-07-07,2026-07-09
1,BOM-GOI,AI,AI365,2026-07-08,2026-07-09
2,BOM-GOI,AI,AI365,2026-07-11,2026-07-13
1,BOM-GOI,AI,AI365,2026-07-12,2026-07-13
1,BOM-GOI,AI,AI365,2026-07-16,2026-07-17
1,BOM-GOI,AI,AI365,2026-07-18,2026-07-19
1,BOM-GOI,AI,AI365,2026-08-04,2026-08-05
1,BOM-GOI,AI,AI365,2026-08-18,2026-08-19
1,BOM-GOI,AI,AI365,2026-08-21,2026-08-22
2,BOM-GOI,AI,AI365,2026-08-23,2026-08-25
1,BOM-GOI,AI,AI365,2026-08-24,2026-08-25
2,BOM-GOI,AI,AI365,2026-08-25,2026-08-27
1,BOM-GOI,AI,AI365,2026-08-26,2026-08-27
2,BOM-GOI,SG,SG787,2026-06-23,2026-06-25
1,BOM-GOI,SG,SG787,2026-06-24,2026-06-25
1,BOM-GOI,SG,SG787,2026-07-03,2026-07-04
2,BOM-GOI,SG,SG787,2026-07-03,2026-07-05
1,BOM-GOI,SG,SG787,2026-07-04,2026-07-05
1,BOM-GOI,SG,SG787,2026-07-15,2026-07-16
2,BOM-GOI,SG,SG787,2026-07-21,2026-07-23
1,BOM-GOI,SG,SG787,2026-07-22,2026-07-23
2,BOM-GOI,SG,SG787,2026-07-24,2026-07-26
1,BOM-GOI,SG,SG787,2026-07-25,2026-07-26
2,BOM-GOI,SG,SG787,2026-07-26,2026-07-28
1,BOM-GOI,SG,SG787,2026-07-27,2026-07-28
1,BOM-GOI,SG,SG787,2026-07-29,2026-07-30
2,BOM-GOI,SG,SG787,2026-08-03,2026-08-05
1,BOM-GOI,SG,SG787,2026-08-04,2026-08-05
1,BOM-GOI,SG,SG787,2026-08-07,2026-08-08
1,BOM-GOI,SG,SG787,2026-08-13,2026-08-14
2,BOM-GOI,SG,SG787,2026-08-19,2026-08-21
1,BOM-GOI,SG,SG787,2026-08-20,2026-08-21
2,BOM-GOI,SG,SG787,2026-08-21,2026-08-23
1,BOM-GOI,SG,SG787,2026-08-22,2026-08-23
1,BOM-GOI,SG,SG787,2026-08-23,2026-08-24
2,BOM-GOI,SG,SG787,2026-08-23,2026-08-25
1,BOM-GOI,SG,SG787,2026-08-24,2026-08-25
2,BOM-GOI,SG,SG787,2026-08-26,2026-08-28
1,BOM-GOI,SG,SG787,2026-08-27,2026-08-28
2,BOM-GOI,SG,SG787,2026-08-27,2026-08-29
1,BOM-GOI,SG,SG787,2026-08-28,2026-08-29
1,BOM-GOI,SG,SG787,2026-09-02,2026-09-03
1,BOM-GOI,IX,IX118,2026-06-09,2026-06-10
1,BOM-GOI,IX,IX118,2026-06-10,2026-06-11
2,BOM-GOI,IX,IX118,2026-06-14,2026-06-16
1,BOM-GOI,IX,IX118,2026-06-15,2026-06-16
1,BOM-GOI,IX,IX118,2026-06-17,2026-06-18
2,BOM-GOI,IX,IX118,2026-06-25,2026-06-27
1,BOM-GOI,IX,IX118,2026-06-26,2026-06-27
1,BOM-GOI,IX,IX118,2026-07-04,2026-07-05
1,BOM-GOI,IX,IX118,2026-07-05,2026-07-06
5,BOM-GOI,IX,IX118,2026-07-06,2026-07-11
1,BOM-GOI,IX,IX118,2026-07-09,2026-07-10
2,BOM-GOI,IX,IX118,2026-07-09,2026-07-11
1,BOM-GOI,IX,IX118,2026-07-10,2026-07-11
2,BOM-GOI,IX,IX118,2026-07-13,2026-07-15
1,BOM-GOI,IX,IX118,2026-07-14,2026-07-15
1,BOM-GOI,IX,IX118,2026-07-26,2026-07-27
2,BOM-GOI,IX,IX118,2026-08-09,2026-08-11
1,BOM-GOI,IX,IX118,2026-08-10,2026-08-11
1,BOM-GOI,IX,IX118,2026-08-13,2026-08-14
1,BOM-GOI,IX,IX118,2026-08-14,2026-08-15
2,BOM-GOI,IX,IX118,2026-08-16,2026-08-18
1,BOM-GOI,IX,IX118,2026-08-17,2026-08-18
2,BOM-GOI,IX,IX118,2026-08-24,2026-08-26
1,BOM-GOI,IX,IX118,2026-08-25,2026-08-26
2,BOM-GOI,IX,IX118,2026-08-25,2026-08-27
1,BOM-GOI,IX,IX118,2026-08-26,2026-08-27
2,BOM-GOI,IX,IX118,2026-09-02,2026-09-04
1,BOM-GOI,IX,IX118,2026-09-03,2026-09-04
2,GOI-BOM,QP,QP878,2026-06-20,2026-06-22
1,GOI-BOM,QP,QP878,2026-06-21,2026-06-22
2,GOI-BOM,QP,QP878,2026-06-22,2026-06-24
1,GOI-BOM,QP,QP878,2026-06-23,2026-06-24
2,GOI-BOM,QP,QP878,2026-06-23,2026-06-25
1,GOI-BOM,QP,QP878,2026-06-24,2026-06-25
1,GOI-BOM,QP,QP878,2026-06-25,2026-06-26
2,GOI-BOM,QP,QP878,2026-06-26,2026-06-28
1,GOI-BOM,QP,QP878,2026-06-27,2026-06-28
2,GOI-BOM,QP,QP878,2026-06-28,2026-06-30
1,GOI-BOM,QP,QP878,2026-06-29,2026-06-30
2,GOI-BOM,QP,QP878,2026-06-30,2026-07-02
1,GOI-BOM,QP,QP878,2026-07-01,2026-07-02
1,GOI-BOM,QP,QP878,2026-07-03,2026-07-04
2,GOI-BOM,QP,QP878,2026-07-07,2026-07-09
1,GOI-BOM,QP,QP878,2026-07-08,2026-07-09
2,GOI-BOM,QP,QP878,2026-07-08,2026-07-10
1,GOI-BOM,QP,QP878,2026-07-09,2026-07-10
2,GOI-BOM,QP,QP878,2026-07-13,2026-07-15
1,GOI-BOM,QP,QP878,2026-07-14,2026-07-15
2,GOI-BOM,QP,QP878,2026-07-20,2026-07-22
1,GOI-BOM,QP,QP878,2026-07-21,2026-07-22
2,GOI-BOM,QP,QP878,2026-07-24,2026-07-26
1,GOI-BOM,QP,QP878,2026-07-25,2026-07-26
1,GOI-BOM,QP,QP878,2026-07-30,2026-07-31
1,GOI-BOM,QP,QP878,2026-08-06,2026-08-07
2,GOI-BOM,QP,QP878,2026-08-06,2026-08-08
1,GOI-BOM,QP,QP878,2026-08-07,2026-08-08
2,GOI-BOM,QP,QP878,2026-08-07,2026-08-09
1,GOI-BOM,QP,QP878,2026-08-08,2026-08-09
2,GOI-BOM,QP,QP878,2026-08-12,2026-08-14
1,GOI-BOM,QP,QP878,2026-08-13,2026-08-14
2,GOI-BOM,QP,QP878,2026-08-22,2026-08-24
1,GOI-BOM,QP,QP878,2026-08-23,2026-08-24
2,GOI-BOM,QP,QP878,2026-08-23,2026-08-25
5,GOI-BOM,QP,QP878,2026-08-23,2026-08-28
1,GOI-BOM,QP,QP878,2026-08-24,2026-08-25
1,GOI-BOM,QP,QP878,2026-08-25,2026-08-26
2,GOI-BOM,QP,QP878,2026-08-26,2026-08-28
1,GOI-BOM,QP,QP878,2026-08-27,2026-08-28
1,GOI-BOM,QP,QP878,2026-08-29,2026-08-30
5,GOI-BOM,QP,QP878,2026-09-01,2026-09-06
1,GOI-BOM,9I,9I440,2026-06-06,2026-06-07
2,GOI-BOM,9I,9I440,2026-06-07,2026-06-09
1,GOI-BOM,9I,9I440,2026-06-08,2026-06-09
1,GOI-BOM,9I,9I440,2026-06-14,2026-06-15
1,GOI-BOM,9I,9I440,2026-06-15,2026-06-16
1,GOI-BOM,9I,9I440,2026-06-18,2026-06-19
1,GOI-BOM,9I,9I440,2026-06-22,2026-06-23
1,GOI-BOM,9I,9I440,2026-07-05,2026-07-06
2,GOI-BOM,9I,9I440,2026-07-06,2026-07-08
1,GOI-BOM,9I,9I440,2026-07-07,2026-07-08
2,GOI-BOM,9I,9I440,2026-07-07,2026-07-09
1,GOI-BOM,9I,9I440,2026-07-08,2026-07-09
1,GOI-BOM,9I,9I440,2026-07-09,2026-07-10
1,GOI-BOM,9I,9I440,2026-07-24,2026-07-25
1,GOI-BOM,9I,9I440,2026-07-26,2026-07-27
1,GOI-BOM,9I,9I440,2026-07-30,2026-07-31
2,GOI-BOM,9I,9I440,2026-08-02,2026-08-04
1,GOI-BOM,9I,9I440,2026-08-03,2026-08-04
2,GOI-BOM,9I,9I440,2026-08-12,2026-08-14
1,GOI-BOM,9I,9I440,2026-08-13,2026-08-14
1,GOI-BOM,9I,9I440,2026-08-15,2026-08-16
1,GOI-BOM,9I,9I440,2026-09-01,2026-09-02
1,GOI-BOM,6E,6E576,2026-06-06,2026-06-07
2,GOI-BOM,6E,6E576,2026-06-08,2026-06-10
1,GOI-BOM,6E,6E576,2026-06-09,2026-06-10
2,GOI-BOM,6E,6E576,2026-06-09,2026-06-11
1,GOI-BOM,6E,6E576,2026-06-10,2026-06-11
1,GOI-BOM,6E,6E576,2026-06-11,2026-06-12
1,GOI-BOM,6E,6E576,2026-06-15,2026-06-16
2,GOI-BOM,6E,6E576,2026-06-18,2026-06-20
1,GOI-BOM,6E,6E576,2026-06-19,2026-06-20
1,GOI-BOM,6E,6E576,2026-06-28,2026-06-29
1,GOI-BOM,6E,6E576,2026-07-05,2026-07-06
2,GOI-BOM,6E,6E576,2026-07-10,2026-07-12
1,GOI-BOM,6E,6E576,2026-07-11,2026-07-12
1,GOI-BOM,6E,6E576,2026-07-12,2026-07-13
2,GOI-BOM,6E,6E576,2026-07-13,2026-07-15
1,GOI-BOM,6E,6E576,2026-07-14,2026-07-15
2,GOI-BOM,6E,6E576,2026-07-18,2026-07-20
1,GOI-BOM,6E,6E576,2026-07-19,2026-07-20
5,GOI-BOM,6E,6E576,2026-07-29,2026-08-03
2,GOI-BOM,6E,6E576,2026-08-01,2026-08-03
1,GOI-BOM,6E,6E576,2026-08-02,2026-08-03
2,GOI-BOM,6E,6E576,2026-08-03,2026-08-05
1,GOI-BOM,6E,6E576,2026-08-04,2026-08-05
2,GOI-BOM,6E,6E576,2026-08-11,2026-08-13
1,GOI-BOM,6E,6E576,2026-08-12,2026-08-13
2,GOI-BOM,6E,6E576,2026-08-19,2026-08-21
1,GOI-BOM,6E,6E576,2026-08-20,2026-08-21
1,GOI-BOM,6E,6E576,2026-08-24,2026-08-25
2,GOI-BOM,6E,6E576,2026-08-29,2026-08-31
1,GOI-BOM,6E,6E576,2026-08-30,2026-08-31
2,GOI-BOM,AI,AI239,2026-06-13,2026-06-15
1,GOI-BOM,AI,AI239,2026-06-14,2026-06-15
2,GOI-BOM,AI,AI239,2026-06-18,2026-06-20
1,GOI-BOM,AI,AI239,2026-06-19,2026-06-20
2,GOI-BOM,AI,AI239,2026-06-19,2026-06-21
1,GOI-BOM,AI,AI239,2026-06-20,2026-06-21
5,GOI-BOM,AI,AI239,2026-06-22,2026-06-27
1,GOI-BOM,AI,AI239,2026-06-24,2026-06-25
2,GOI-BOM,AI,AI239,2026-06-25,2026-06-27
1,GOI-BOM,AI,AI239,2026-06-26,2026-06-27
2,GOI-BOM,AI,AI239,2026-07-09,2026-07-11
1,GOI-BOM,AI,AI239,2026-07-10,2026-07-11
2,GOI-BOM,AI,AI239,2026-07-20,2026-07-22
1,GOI-BOM,AI,AI239,2026-07-21,2026-07-22
2,GOI-BOM,AI,AI239,2026-07-21,2026-07-23
1,GOI-BOM,AI,AI239,2026-07-22,2026-07-23
2,GOI-BOM,AI,AI239,2026-07-22,2026-07-24
1,GOI-BOM,AI,AI239,2026-07-23,2026-07-24
1,GOI-BOM,AI,AI239,2026-07-24,2026-07-25
1,GOI-BOM,AI,AI239,2026-07-26,2026-07-27
2,GOI-BOM,AI,AI239,2026-08-09,2026-08-11
1,GOI-BOM,AI,AI239,2026-08-10,2026-08-11
2,GOI-BOM,AI,AI239,2026-08-11,2026-08-13
1,GOI-BOM,AI,AI239,2026-08-12,2026-08-13
1,GOI-BOM,AI,AI239,2026-08-14,2026-08-15
2,GOI-BOM,AI,AI239,2026-08-19,2026-08-21
5,GOI-BOM,AI,AI239,2026-08-19,2026-08-24
1,GOI-BOM,AI,AI239,2026-08-20,2026-08-21
2,GOI-BOM,AI,AI239,2026-08-20,2026-08-22
1,GOI-BOM,AI,AI239,2026-08-21,2026-08-22
2,GOI-BOM,AI,AI239,2026-08-22,2026-08-24
1,GOI-BOM,AI,AI239,2026-08-23,2026-08-24
2,GOI-BOM,AI,AI239,2026-08-25,2026-08-27
1,GOI-BOM,AI,AI239,2026-08-26,2026-08-27
2,GOI-BOM,AI,AI239,2026-08-27,2026-08-29
1,GOI-BOM,AI,AI239,2026-08-28,2026-08-29
5,GOI-BOM,AI,AI239,2026-08-29,2026-09-03
2,GOI-BOM,AI,AI239,2026-09-01,2026-09-03
1,GOI-BOM,AI,AI239,2026-09-02,2026-09-03
1,GOI-BOM,SG,SG618,2026-06-06,2026-06-07
2,GOI-BOM,SG,SG618,2026-06-08,2026-06-10
1,GOI-BOM,SG,SG618,2026-06-09,2026-06-10
1,GOI-BOM,SG,SG618,2026-06-10,2026-06-11
2,GOI-BOM,SG,SG618,2026-06-11,2026-06-13
1,GOI-BOM,SG,SG618,2026-06-12,2026-06-13
2,GOI-BOM,SG,SG618,2026-06-12,2026-06-14
1,GOI-BOM,SG,SG618,2026-06-13,2026-06-14
2,GOI-BOM,SG,SG618,2026-06-13,2026-06-15
1,GOI-BOM,SG,SG618,2026-06-14,2026-06-15
1,GOI-BOM,SG,SG618,2026-06-15,2026-06-16
2,GOI-BOM,SG,SG618,2026-06-19,2026-06-21
1,GOI-BOM,SG,SG618,2026-06-20,2026-06-21
1,GOI-BOM,SG,SG618,2026-06-21,2026-06-22
1,GOI-BOM,SG,SG618,2026-06-27,2026-06-28
2,GOI-BOM,SG,SG618,2026-06-27,2026-06-29
1,GOI-BOM,SG,SG618,2026-06-28,2026-06-29
1,GOI-BOM,SG,SG618,2026-07-03,2026-07-04
1,GOI-BOM,SG,SG618,2026-07-05,2026-07-06
2,GOI-BOM,SG,SG618,2026-07-22,2026-07-24
1,GOI-BOM,SG,SG618,2026-07-23,2026-07-24
2,GOI-BOM,SG,SG618,2026-07-25,2026-07-27
1,GOI-BOM,SG,SG618,2026-07-26,2026-07-27
1,GOI-BOM,SG,SG618,2026-08-04,2026-08-05
1,GOI-BOM,SG,SG618,2026-08-06,2026-08-07
2,GOI-BOM,SG,SG618,2026-08-08,2026-08-10
1,GOI-BOM,SG,SG618,2026-08-09,2026-08-10
1,GOI-BOM,SG,SG618,2026-08-17,2026-08-18
1,GOI-BOM,SG,SG618,2026-08-20,2026-08-21
2,GOI-BOM,SG,SG618,2026-08-23,2026-08-25
1,GOI-BOM,SG,SG618,2026-08-24,2026-08-25
2,GOI-BOM,SG,SG618,2026-08-26,2026-08-28
1,GOI-BOM,SG,SG618,2026-08-27,2026-08-28
1,BLR-COK,6E,6E771,2026-06-06,2026-06-07
2,BLR-COK,6E,6E771,2026-06-18,2026-06-20
1,BLR-COK,6E,6E771,2026-06-19,2026-06-20
1,BLR-COK,6E,6E771,2026-06-20,2026-06-21
1,BLR-COK,6E,6E771,2026-06-22,2026-06-23
2,BLR-COK,6E,6E771,2026-07-04,2026-07-06
1,BLR-COK,6E,6E771,2026-07-05,2026-07-06
5,BLR-COK,6E,6E771,2026-07-05,2026-07-10
2,BLR-COK,6E,6E771,2026-07-08,2026-07-10
1,BLR-COK,6E,6E771,2026-07-09,2026-07-10
2,BLR-COK,6E,6E771,2026-07-12,2026-07-14
1,BLR-COK,6E,6E771,2026-07-13,2026-07-14
1,BLR-COK,6E,6E771,2026-07-18,2026-07-19
2,BLR-COK,6E,6E771,2026-07-18,2026-07-20
1,BLR-COK,6E,6E771,2026-07-19,2026-07-20
1,BLR-COK,6E,6E771,2026-08-14,2026-08-15
1,BLR-COK,6E,6E771,2026-08-23,2026-08-24
2,BLR-COK,6E,6E771,2026-08-23,2026-08-25
1,BLR-COK,6E,6E771,2026-08-24,2026-08-25
1,BLR-COK,AI,AI213,2026-06-06,2026-06-07
1,BLR-COK,AI,AI213,2026-06-07,2026-06-08
1,BLR-COK,AI,AI213,2026-06-09,2026-06-10
2,BLR-COK,AI,AI213,2026-06-25,2026-06-27
1,BLR-COK,AI,AI213,2026-06-26,2026-06-27
2,BLR-COK,AI,AI213,2026-06-27,2026-06-29
1,BLR-COK,AI,AI213,2026-06-28,2026-06-29
2,BLR-COK,AI,AI213,2026-06-30,2026-07-02
1,BLR-COK,AI,AI213,2026-07-01,2026-07-02
1,BLR-COK,AI,AI213,2026-07-06,2026-07-07
2,BLR-COK,AI,AI213,2026-07-10,2026-07-12
1,BLR-COK,AI,AI213,2026-07-11,2026-07-12
2,BLR-COK,AI,AI213,2026-07-15,2026-07-17
1,BLR-COK,AI,AI213,2026-07-16,2026-07-17
2,BLR-COK,AI,AI213,2026-07-18,2026-07-20
1,BLR-COK,AI,AI213,2026-07-19,2026-07-20
2,BLR-COK,AI,AI213,2026-07-24,2026-07-26
1,BLR-COK,AI,AI213,2026-07-25,2026-07-26
2,BLR-COK,AI,AI213,2026-08-06,2026-08-08
1,BLR-COK,AI,AI213,2026-08-07,2026-08-08
2,BLR-COK,AI,AI213,2026-08-21,2026-08-23
1,BLR-COK,AI,AI213,2026-08-22,2026-08-23
1,BLR-COK,SG,SG812,2026-06-06,2026-06-07
2,BLR-COK,SG,SG812,2026-06-07,2026-06-09
1,BLR-COK,SG,SG812,2026-06-08,2026-06-09
1,BLR-COK,SG,SG812,2026-06-13,2026-06-14
2,BLR-COK,SG,SG812,2026-06-21,2026-06-23
1,BLR-COK,SG,SG812,2026-06-22,2026-06-23
2,BLR-COK,SG,SG812,2026-06-25,2026-06-27
1,BLR-COK,SG,SG812,2026-06-26,2026-06-27
2,BLR-COK,SG,SG812,2026-07-06,2026-07-08
1,BLR-COK,SG,SG812,2026-07-07,2026-07-08
2,BLR-COK,SG,SG812,2026-07-07,2026-07-09
1,BLR-COK,SG,SG812,2026-07-08,2026-07-09
2,BLR-COK,SG,SG812,2026-07-11,2026-07-13
1,BLR-COK,SG,SG812,2026-07-12,2026-07-13
1,BLR-COK,SG,SG812,2026-07-14,2026-07-15
2,BLR-COK,SG,SG812,2026-07-16,2026-07-18
1,BLR-COK,SG,SG812,2026-07-17,2026-07-18
1,BLR-COK,SG,SG812,2026-07-30,2026-07-31
2,BLR-COK,SG,SG812,2026-08-13,2026-08-15
1,BLR-COK,SG,SG812,2026-08-14,2026-08-15
2,BLR-COK,SG,SG812,2026-08-16,2026-08-18
1,BLR-COK,SG,SG812,2026-08-17,2026-08-18
2,BLR-COK,SG,SG812,2026-08-24,2026-08-26
1,BLR-COK,SG,SG812,2026-08-25,2026-08-26
1,BLR-COK,SG,SG812,2026-08-26,2026-08-27
2,BLR-COK,SG,SG812,2026-08-28,2026-08-30
1,BLR-COK,SG,SG812,2026-08-29,2026-08-30
2,BLR-COK,SG,SG812,2026-08-29,2026-08-31
1,BLR-COK,SG,SG812,2026-08-30,2026-08-31
1,BLR-COK,SG,SG812,2026-09-03,2026-09-04
2,BLR-COK,QP,QP898,2026-06-10,2026-06-12
1,BLR-COK,QP,QP898,2026-06-11,2026-06-12
1,BLR-COK,QP,QP898,2026-06-12,2026-06-13
2,BLR-COK,QP,QP898,2026-06-24,2026-06-26
1,BLR-COK,QP,QP898,2026-06-25,2026-06-26
1,BLR-COK,QP,QP898,2026-07-15,2026-07-16
1,BLR-COK,QP,QP898,2026-07-19,2026-07-20
2,BLR-COK,QP,QP898,2026-07-31,2026-08-02
1,BLR-COK,QP,QP898,2026-08-01,2026-08-02
2,BLR-COK,QP,QP898,2026-08-07,2026-08-09
1,BLR-COK,QP,QP898,2026-08-08,2026-08-09
2,BLR-COK,QP,QP898,2026-08-11,2026-08-13
1,BLR-COK,QP,QP898,2026-08-12,2026-08-13
2,BLR-COK,QP,QP898,2026-08-13,2026-08-15
1,BLR-COK,QP,QP898,2026-08-14,2026-08-15
2,BLR-COK,QP,QP898,2026-08-19,2026-08-21
1,BLR-COK,QP,QP898,2026-08-20,2026-08-21
1,BLR-COK,QP,QP898,2026-08-27,2026-08-28
1,BLR-COK,QP,QP898,2026-08-28,2026-08-29
1,COK-BLR,QP,QP467,2026-06-06,2026-06-07
2,COK-BLR,QP,QP467,2026-06-19,2026-06-21
1,COK-BLR,QP,QP467,2026-06-20,2026-06-21
5,COK-BLR,QP,QP467,2026-06-23,2026-06-28
1,COK-BLR,QP,QP467,2026-06-25,2026-06-26
2,COK-BLR,QP,QP467,2026-06-26,2026-06-28
1,COK-BLR,QP,QP467,2026-06-27,2026-06-28
2,COK-BLR,QP,QP467,2026-06-28,2026-06-30
1,COK-BLR,QP,QP467,2026-06-29,2026-06-30
1,COK-BLR,QP,QP467,2026-07-10,2026-07-11
2,COK-BLR,QP,QP467,2026-07-20,2026-07-22
1,COK-BLR,QP,QP467,2026-07-21,2026-07-22
2,COK-BLR,QP,QP467,2026-07-27,2026-07-29
1,COK-BLR,QP,QP467,2026-07-28,2026-07-29
5,COK-BLR,QP,QP467,2026-07-29,2026-08-03
2,COK-BLR,QP,QP467,2026-08-01,2026-08-03
1,COK-BLR,QP,QP467,2026-08-02,2026-08-03
1,COK-BLR,QP,QP467,2026-08-12,2026-08-13
2,COK-BLR,QP,QP467,2026-08-16,2026-08-18
1,COK-BLR,QP,QP467,2026-08-17,2026-08-18
2,COK-BLR,QP,QP467,2026-08-17,2026-08-19
1,COK-BLR,QP,QP467,2026-08-18,2026-08-19
1,COK-BLR,QP,QP467,2026-08-20,2026-08-21
2,COK-BLR,QP,QP467,2026-08-28,2026-08-30
1,COK-BLR,QP,QP467,2026-08-29,2026-08-30
1,COK-BLR,9I,9I221,2026-06-06,2026-06-07
2,COK-BLR,9I,9I221,2026-06-12,2026-06-14
1,COK-BLR,9I,9I221,2026-06-13,2026-06-14
2,COK-BLR,9I,9I221,2026-06-21,2026-06-23
1,COK-BLR,9I,9I221,2026-06-22,2026-06-23
2,COK-BLR,9I,9I221,2026-06-24,2026-06-26
1,COK-BLR,9I,9I221,2026-06-25,2026-06-26
2,COK-BLR,9I,9I221,2026-07-01,2026-07-03
1,COK-BLR,9I,9I221,2026-07-02,2026-07-03
2,COK-BLR,9I,9I221,2026-07-02,2026-07-04
1,COK-BLR,9I,9I221,2026-07-03,2026-07-04
1,COK-BLR,9I,9I221,2026-07-05,2026-07-06
1,COK-BLR,9I,9I221,2026-07-09,2026-07-10
1,COK-BLR,9I,9I221,2026-07-12,2026-07-13
1,COK-BLR,9I,9I221,2026-07-16,2026-07-17
2,COK-BLR,9I,9I221,2026-07-19,2026-07-21
1,COK-BLR,9I,9I221,2026-07-20,2026-07-21
2,COK-BLR,9I,9I221,2026-07-21,2026-07-23
1,COK-BLR,9I,9I221,2026-07-22,2026-07-23
1,COK-BLR,9I,9I221,2026-08-09,2026-08-10
1,COK-BLR,9I,9I221,2026-08-21,2026-08-22
1,COK-BLR,9I,9I221,2026-08-24,2026-08-25
2,COK-BLR,9I,9I221,2026-08-27,2026-08-29
1,COK-BLR,9I,9I221,2026-08-28,2026-08-29
1,COK-BLR,9I,9I221,2026-09-01,2026-09-02
2,COK-BLR,9I,9I221,2026-09-01,2026-09-03
1,COK-BLR,9I,9I221,2026-09-02,2026-09-03
1,COK-BLR,9I,9I221,2026-09-03,2026-09-04
1,COK-BLR,IX,IX778,2026-06-09,2026-06-10
1,COK-BLR,IX,IX778,2026-06-12,2026-06-13
1,COK-BLR,IX,IX778,2026-06-17,2026-06-18
5,COK-BLR,IX,IX778,2026-06-22,2026-06-27
2,COK-BLR,IX,IX778,2026-06-23,2026-06-25
1,COK-BLR,IX,IX778,2026-06-24,2026-06-25
2,COK-BLR,IX,IX778,2026-06-24,2026-06-26
5,COK-BLR,IX,IX778,2026-06-24,2026-06-29
1,COK-BLR,IX,IX778,2026-06-25,2026-06-26
2,COK-BLR,IX,IX778,2026-06-25,2026-06-27
1,COK-BLR,IX,IX778,2026-06-26,2026-06-27
2,COK-BLR,IX,IX778,2026-06-27,2026-06-29
1,COK-BLR,IX,IX778,2026-06-28,2026-06-29
2,COK-BLR,IX,IX778,2026-07-08,2026-07-10
1,COK-BLR,IX,IX778,2026-07-09,2026-07-10
1,COK-BLR,IX,IX778,2026-07-20,2026-07-21
1,COK-BLR,IX,IX778,2026-07-23,2026-07-24
2,COK-BLR,IX,IX778,2026-07-24,2026-07-26
1,COK-BLR,IX,IX778,2026-07-25,2026-07-26
1,COK-BLR,IX,IX778,2026-07-27,2026-07-28
1,COK-BLR,IX,IX778,2026-08-01,2026-08-02
2,COK-BLR,IX,IX778,2026-08-05,2026-08-07
1,COK-BLR,IX,IX778,2026-08-06,2026-08-07
2,COK-BLR,IX,IX778,2026-08-11,2026-08-13
1,COK-BLR,IX,IX778,2026-08-12,2026-08-13
1,COK-BLR,IX,IX778,2026-08-17,2026-08-18
1,COK-BLR,IX,IX778,2026-08-20,2026-08-21
5,COK-BLR,IX,IX778,2026-08-20,2026-08-25
1,COK-BLR,IX,IX778,2026-08-21,2026-08-22
2,COK-BLR,IX,IX778,2026-08-23,2026-08-25
1,COK-BLR,IX,IX778,2026-08-24,2026-08-25
2,COK-BLR,IX,IX778,2026-08-25,2026-08-27
5,COK-BLR,IX,IX778,2026-08-25,2026-08-30
1,COK-BLR,IX,IX778,2026-08-26,2026-08-27
2,COK-BLR,IX,IX778,2026-08-28,2026-08-30
1,COK-BLR,IX,IX778,2026-08-29,2026-08-30
2,COK-BLR,IX,IX778,2026-08-29,2026-08-31
1,COK-BLR,IX,IX778,2026-08-30,2026-08-31
1,COK-BLR,IX,IX778,2026-09-03,2026-09-04
2,CCU-MAA,6E,6E213,2026-06-06,2026-06-08
1,CCU-MAA,6E,6E213,2026-06-07,2026-06-08
1,CCU-MAA,6E,6E213,2026-06-08,2026-06-09
2,CCU-MAA,6E,6E213,2026-06-09,2026-06-11
1,CCU-MAA,6E,6E213,2026-06-10,2026-06-11
2,CCU-MAA,6E,6E213,2026-06-15,2026-06-17
1,CCU-MAA,6E,6E213,2026-06-16,2026-06-17
2,CCU-MAA,6E,6E213,2026-06-16,2026-06-18
1,CCU-MAA,6E,6E213,2026-06-17,2026-06-18
1,CCU-MAA,6E,6E213,2026-06-19,2026-06-20
2,CCU-MAA,6E,6E213,2026-06-25,2026-06-27
1,CCU-MAA,6E,6E213,2026-06-26,2026-06-27
1,CCU-MAA,6E,6E213,2026-07-02,2026-07-03
1,CCU-MAA,6E,6E213,2026-07-04,2026-07-05
1,CCU-MAA,6E,6E213,2026-07-05,2026-07-06
2,CCU-MAA,6E,6E213,2026-07-07,2026-07-09
1,CCU-MAA,6E,6E213,2026-07-08,2026-07-09
2,CCU-MAA,6E,6E213,2026-07-08,2026-07-10
1,CCU-MAA,6E,6E213,2026-07-09,2026-07-10
2,CCU-MAA,6E,6E213,2026-07-10,2026-07-12
1,CCU-MAA,6E,6E213,2026-07-11,2026-07-12
1,CCU-MAA,6E,6E213,2026-07-12,2026-07-13
1,CCU-MAA,6E,6E213,2026-07-20,2026-07-21
2,CCU-MAA,6E,6E213,2026-07-20,2026-07-22
1,CCU-MAA,6E,6E213,2026-07-21,2026-07-22
2,CCU-MAA,6E,6E213,2026-07-25,2026-07-27
1,CCU-MAA,6E,6E213,2026-07-26,2026-07-27
2,CCU-MAA,6E,6E213,2026-07-29,2026-07-31
1,CCU-MAA,6E,6E213,2026-07-30,2026-07-31
1,CCU-MAA,6E,6E213,2026-08-01,2026-08-02
2,CCU-MAA,6E,6E213,2026-08-05,2026-08-07
1,CCU-MAA,6E,6E213,2026-08-06,2026-08-07
1,CCU-MAA,6E,6E213,2026-08-27,2026-08-28
1,CCU-MAA,6E,6E213,2026-09-03,2026-09-04
1,CCU-MAA,SG,SG917,2026-06-06,2026-06-07
1,CCU-MAA,SG,SG917,2026-06-07,2026-06-08
1,CCU-MAA,SG,SG917,2026-06-10,2026-06-11
2,CCU-MAA,SG,SG917,2026-06-14,2026-06-16
5,CCU-MAA,SG,SG917,2026-06-14,2026-06-19
1,CCU-MAA,SG,SG917,2026-06-15,2026-06-16
2,CCU-MAA,SG,SG917,2026-06-17,2026-06-19
1,CCU-MAA,SG,SG917,2026-06-18,2026-06-19
2,CCU-MAA,SG,SG917,2026-07-14,2026-07-16
1,CCU-MAA,SG,SG917,2026-07-15,2026-07-16
1,CCU-MAA,SG,SG917,2026-07-28,2026-07-29
2,CCU-MAA,SG,SG917,2026-08-05,2026-08-07
1,CCU-MAA,SG,SG917,2026-08-06,2026-08-07
2,CCU-MAA,SG,SG917,2026-08-11,2026-08-13
1,CCU-MAA,SG,SG917,2026-08-12,2026-08-13
2,CCU-MAA,SG,SG917,2026-08-16,2026-08-18
1,CCU-MAA,SG,SG917,2026-08-17,2026-08-18
2,CCU-MAA,SG,SG917,2026-08-22,2026-08-24
1,CCU-MAA,SG,SG917,2026-08-23,2026-08-24
2,CCU-MAA,SG,SG917,2026-08-25,2026-08-27
1,CCU-MAA,SG,SG917,2026-08-26,2026-08-27
2,CCU-MAA,SG,SG917,2026-09-01,2026-09-03
1,CCU-MAA,SG,SG917,2026-09-02,2026-09-03
2,CCU-MAA,AI,AI372,2026-06-06,2026-06-08
1,CCU-MAA,AI,AI372,2026-06-07,2026-06-08
2,CCU-MAA,AI,AI372,2026-06-07,2026-06-09
1,CCU-MAA,AI,AI372,2026-06-08,2026-06-09
2,CCU-MAA,AI,AI372,2026-06-10,2026-06-12
1,CCU-MAA,AI,AI372,2026-06-11,2026-06-12
2,CCU-MAA,AI,AI372,2026-06-16,2026-06-18
5,CCU-MAA,AI,AI372,2026-06-16,2026-06-21
1,CCU-MAA,AI,AI372,2026-06-17,2026-06-18
1,CCU-MAA,AI,AI372,2026-06-18,2026-06-19
2,CCU-MAA,AI,AI372,2026-06-19,2026-06-21
1,CCU-MAA,AI,AI372,2026-06-20,2026-06-21
2,CCU-MAA,AI,AI372,2026-06-23,2026-06-25
1,CCU-MAA,AI,AI372,2026-06-24,2026-06-25
2,CCU-MAA,AI,AI372,2026-06-25,2026-06-27
1,CCU-MAA,AI,AI372,2026-06-26,2026-06-27
2,CCU-MAA,AI,AI372,2026-07-05,2026-07-07
1,CCU-MAA,AI,AI372,2026-07-06,2026-07-07
2,CCU-MAA,AI,AI372,2026-07-07,2026-07-09
1,CCU-MAA,AI,AI372,2026-07-08,2026-07-09
5,CCU-MAA,AI,AI372,2026-07-08,2026-07-13
2,CCU-MAA,AI,AI372,2026-07-11,2026-07-13
1,CCU-MAA,AI,AI372,2026-07-12,2026-07-13
1,CCU-MAA,AI,AI372,2026-07-13,2026-07-14
1,CCU-MAA,AI,AI372,2026-07-14,2026-07-15
1,CCU-MAA,AI,AI372,2026-07-15,2026-07-16
2,CCU-MAA,AI,AI372,2026-07-19,2026-07-21
1,CCU-MAA,AI,AI372,2026-07-20,2026-07-21
1,CCU-MAA,AI,AI372,2026-07-21,2026-07-22
2,CCU-MAA,AI,AI372,2026-07-25,2026-07-27
1,CCU-MAA,AI,AI372,2026-07-26,2026-07-27
1,CCU-MAA,AI,AI372,2026-07-28,2026-07-29
2,CCU-MAA,AI,AI372,2026-08-02,2026-08-04
1,CCU-MAA,AI,AI372,2026-08-03,2026-08-04
1,CCU-MAA,AI,AI372,2026-08-16,2026-08-17
2,CCU-MAA,AI,AI372,2026-08-20,2026-08-22
1,CCU-MAA,AI,AI372,2026-08-21,2026-08-22
2,CCU-MAA,AI,AI372,2026-08-28,2026-08-30
1,CCU-MAA,AI,AI372,2026-08-29,2026-08-30
5,CCU-MAA,AI,AI372,2026-08-30,2026-09-04
1,CCU-MAA,AI,AI372,2026-08-31,2026-09-01
1,CCU-MAA,AI,AI372,2026-09-02,2026-09-03
2,CCU-MAA,AI,AI372,2026-09-02,2026-09-04
1,CCU-MAA,AI,AI372,2026-09-03,2026-09-04
2,CCU-MAA,QP,QP664,2026-06-10,2026-06-12
1,CCU-MAA,QP,QP664,2026-06-11,2026-06-12
1,CCU-MAA,QP,QP664,2026-06-12,2026-06-13
2,CCU-MAA,QP,QP664,2026-06-23,2026-06-25
1,CCU-MAA,QP,QP664,2026-06-24,2026-06-25
1,CCU-MAA,QP,QP664,2026-06-28,2026-06-29
2,CCU-MAA,QP,QP664,2026-06-28,2026-06-30
1,CCU-MAA,QP,QP664,2026-06-29,2026-06-30
2,CCU-MAA,QP,QP664,2026-07-01,2026-07-03
1,CCU-MAA,QP,QP664,2026-07-02,2026-07-03
2,CCU-MAA,QP,QP664,2026-07-04,2026-07-06
1,CCU-MAA,QP,QP664,2026-07-05,2026-07-06
1,CCU-MAA,QP,QP664,2026-07-27,2026-07-28
1,CCU-MAA,QP,QP664,2026-07-30,2026-07-31
2,CCU-MAA,QP,QP664,2026-08-06,2026-08-08
1,CCU-MAA,QP,QP664,2026-08-07,2026-08-08
2,CCU-MAA,QP,QP664,2026-08-13,2026-08-15
1,CCU-MAA,QP,QP664,2026-08-14,2026-08-15
2,CCU-MAA,QP,QP664,2026-08-18,2026-08-20
1,CCU-MAA,QP,QP664,2026-08-19,2026-08-20
1,CCU-MAA,QP,QP664,2026-08-23,2026-08-24
1,CCU-MAA,QP,QP664,2026-08-24,2026-08-25
1,CCU-MAA,IX,IX430,2026-06-15,2026-06-16
1,CCU-MAA,IX,IX430,2026-07-05,2026-07-06
2,CCU-MAA,IX,IX430,2026-07-06,2026-07-08
1,CCU-MAA,IX,IX430,2026-07-07,2026-07-08
5,CCU-MAA,IX,IX430,2026-07-09,2026-07-14
2,CCU-MAA,IX,IX430,2026-07-12,2026-07-14
1,CCU-MAA,IX,IX430,2026-07-13,2026-07-14
2,CCU-MAA,IX,IX430,2026-07-17,2026-07-19
1,CCU-MAA,IX,IX430,2026-07-18,2026-07-19
2,CCU-MAA,IX,IX430,2026-07-25,2026-07-27
1,CCU-MAA,IX,IX430,2026-07-26,2026-07-27
2,CCU-MAA,IX,IX430,2026-07-30,2026-08-01
1,CCU-MAA,IX,IX430,2026-07-31,2026-08-01
1,CCU-MAA,IX,IX430,2026-08-01,2026-08-02
1,CCU-MAA,IX,IX430,2026-08-02,2026-08-03
2,CCU-MAA,IX,IX430,2026-08-07,2026-08-09
1,CCU-MAA,IX,IX430,2026-08-08,2026-08-09
2,CCU-MAA,IX,IX430,2026-08-09,2026-08-11
1,CCU-MAA,IX,IX430,2026-08-10,2026-08-11
1,CCU-MAA,IX,IX430,2026-08-12,2026-08-13
1,CCU-MAA,IX,IX430,2026-08-15,2026-08-16
1,CCU-MAA,IX,IX430,2026-08-23,2026-08-24
2,CCU-MAA,IX,IX430,2026-08-23,2026-08-25
1,CCU-MAA,IX,IX430,2026-08-24,2026-08-25
1,CCU-MAA,IX,IX430,2026-08-25,2026-08-26
2,CCU-MAA,IX,IX430,2026-08-25,2026-08-27
1,CCU-MAA,IX,IX430,2026-08-26,2026-08-27
2,CCU-MAA,IX,IX430,2026-08-26,2026-08-28
1,CCU-MAA,IX,IX430,2026-08-27,2026-08-28
1,CCU-MAA,IX,IX430,2026-08-31,2026-09-01
2,CCU-MAA,IX,IX430,2026-09-03,2026-09-05
1,MAA-CCU,9I,9I251,2026-06-07,2026-06-08
2,MAA-CCU,9I,9I251,2026-06-08,2026-06-10
1,MAA-CCU,9I,9I251,2026-06-09,2026-06-10
2,MAA-CCU,9I,9I251,2026-06-11,2026-06-13
1,MAA-CCU,9I,9I251,2026-06-12,2026-06-13
2,MAA-CCU,9I,9I251,2026-06-15,2026-06-17
1,MAA-CCU,9I,9I251,2026-06-16,2026-06-17
2,MAA-CCU,9I,9I251,2026-06-27,2026-06-29
1,MAA-CCU,9I,9I251,2026-06-28,2026-06-29
2,MAA-CCU,9I,9I251,2026-06-30,2026-07-02
1,MAA-CCU,9I,9I251,2026-07-01,2026-07-02
2,MAA-CCU,9I,9I251,2026-07-03,2026-07-05
1,MAA-CCU,9I,9I251,2026-07-04,2026-07-05
1,MAA-CCU,9I,9I251,2026-07-05,2026-07-06
2,MAA-CCU,9I,9I251,2026-07-10,2026-07-12
1,MAA-CCU,9I,9I251,2026-07-11,2026-07-12
2,MAA-CCU,9I,9I251,2026-07-11,2026-07-13
1,MAA-CCU,9I,9I251,2026-07-12,2026-07-13
1,MAA-CCU,9I,9I251,2026-07-17,2026-07-18
2,MAA-CCU,9I,9I251,2026-07-30,2026-08-01
1,MAA-CCU,9I,9I251,2026-07-31,2026-08-01
1,MAA-CCU,9I,9I251,2026-08-07,2026-08-08
2,MAA-CCU,9I,9I251,2026-08-17,2026-08-19
1,MAA-CCU,9I,9I251,2026-08-18,2026-08-19
5,MAA-CCU,9I,9I251,2026-08-25,2026-08-30
2,MAA-CCU,9I,9I251,2026-08-26,2026-08-28
1,MAA-CCU,9I,9I251,2026-08-27,2026-08-28
2,MAA-CCU,9I,9I251,2026-08-28,2026-08-30
1,MAA-CCU,9I,9I251,2026-08-29,2026-08-30
1,MAA-CCU,AI,AI813,2026-06-17,2026-06-18
1,MAA-CCU,AI,AI813,2026-06-18,2026-06-19
1,MAA-CCU,AI,AI813,2026-06-22,2026-06-23
1,MAA-CCU,AI,AI813,2026-06-26,2026-06-27
1,MAA-CCU,AI,AI813,2026-07-03,2026-07-04
2,MAA-CCU,AI,AI813,2026-07-04,2026-07-06
1,MAA-CCU,AI,AI813,2026-07-05,2026-07-06
2,MAA-CCU,AI,AI813,2026-07-06,2026-07-08
1,MAA-CCU,AI,AI813,2026-07-07,2026-07-08
2,MAA-CCU,AI,AI813,2026-07-08,2026-07-10
1,MAA-CCU,AI,AI813,2026-07-09,2026-07-10
2,MAA-CCU,AI,AI813,2026-07-11,2026-07-13
1,MAA-CCU,AI,AI813,2026-07-12,2026-07-13
1,MAA-CCU,AI,AI813,2026-07-13,2026-07-14
2,MAA-CCU,AI,AI813,2026-07-23,2026-07-25
1,MAA-CCU,AI,AI813,2026-07-24,2026-07-25
1,MAA-CCU,AI,AI813,2026-07-27,2026-07-28
2,MAA-CCU,AI,AI813,2026-08-03,2026-08-05
1,MAA-CCU,AI,AI813,2026-08-04,2026-08-05
1,MAA-CCU,AI,AI813,2026-08-21,2026-08-22
2,MAA-CCU,AI,AI813,2026-08-21,2026-08-23
1,MAA-CCU,AI,AI813,2026-08-22,2026-08-23
1,MAA-CCU,AI,AI813,2026-08-24,2026-08-25
1,MAA-CCU,AI,AI813,2026-09-03,2026-09-04
2,MAA-CCU,6E,6E754,2026-06-17,2026-06-19
1,MAA-CCU,6E,6E754,2026-06-18,2026-06-19
1,MAA-CCU,6E,6E754,2026-06-20,2026-06-21
1,MAA-CCU,6E,6E754,2026-06-26,2026-06-27
2,MAA-CCU,6E,6E754,2026-07-20,2026-07-22
1,MAA-CCU,6E,6E754,2026-07-21,2026-07-22
1,MAA-CCU,6E,6E754,2026-07-25,2026-07-26
2,MAA-CCU,6E,6E754,2026-07-25,2026-07-27
1,MAA-CCU,6E,6E754,2026-07-26,2026-07-27
2,MAA-CCU,6E,6E754,2026-07-28,2026-07-30
1,MAA-CCU,6E,6E754,2026-07-29,2026-07-30
1,MAA-CCU,6E,6E754,2026-07-30,2026-07-31
1,MAA-CCU,6E,6E754,2026-08-05,2026-08-06
1,MAA-CCU,6E,6E754,2026-08-06,2026-08-07
1,MAA-CCU,6E,6E754,2026-08-11,2026-08-12
2,MAA-CCU,6E,6E754,2026-08-29,2026-08-31
1,MAA-CCU,6E,6E754,2026-08-30,2026-08-31
1,MAA-CCU,6E,6E754,2026-08-31,2026-09-01
1,MAA-CCU,6E,6E754,2026-09-02,2026-09-03
2,MAA-CCU,6E,6E754,2026-09-03,2026-09-05
1,DEL-GAU,6E,6E194,2026-06-06,2026-06-07
1,DEL-GAU,6E,6E194,2026-06-21,2026-06-22
1,DEL-GAU,6E,6E194,2026-06-22,2026-06-23
2,DEL-GAU,6E,6E194,2026-06-22,2026-06-24
5,DEL-GAU,6E,6E194,2026-06-22,2026-06-27
1,DEL-GAU,6E,6E194,2026-06-23,2026-06-24
2,DEL-GAU,6E,6E194,2026-06-25,2026-06-27
1,DEL-GAU,6E,6E194,2026-06-26,2026-06-27
2,DEL-GAU,6E,6E194,2026-07-01,2026-07-03
1,DEL-GAU,6E,6E194,2026-07-02,2026-07-03
2,DEL-GAU,6E,6E194,2026-07-11,2026-07-13
1,DEL-GAU,6E,6E194,2026-07-12,2026-07-13
2,DEL-GAU,6E,6E194,2026-07-12,2026-07-14
1,DEL-GAU,6E,6E194,2026-07-13,2026-07-14
1,DEL-GAU,6E,6E194,2026-07-17,2026-07-18
1,DEL-GAU,6E,6E194,2026-07-18,2026-07-19
1,DEL-GAU,6E,6E194,2026-07-19,2026-07-20
2,DEL-GAU,6E,6E194,2026-07-20,2026-07-22
1,DEL-GAU,6E,6E194,2026-07-21,2026-07-22
2,DEL-GAU,6E,6E194,2026-07-22,2026-07-24
1,DEL-GAU,6E,6E194,2026-07-23,2026-07-24
2,DEL-GAU,6E,6E194,2026-07-23,2026-07-25
1,DEL-GAU,6E,6E194,2026-07-24,2026-07-25
1,DEL-GAU,6E,6E194,2026-07-26,2026-07-27
1,DEL-GAU,6E,6E194,2026-07-28,2026-07-29
2,DEL-GAU,6E,6E194,2026-08-02,2026-08-04
1,DEL-GAU,6E,6E194,2026-08-03,2026-08-04
1,DEL-GAU,6E,6E194,2026-08-06,2026-08-07
1,DEL-GAU,6E,6E194,2026-08-07,2026-08-08
1,DEL-GAU,6E,6E194,2026-08-11,2026-08-12
2,DEL-GAU,6E,6E194,2026-08-12,2026-08-14
1,DEL-GAU,6E,6E194,2026-08-13,2026-08-14
1,DEL-GAU,6E,6E194,2026-08-15,2026-08-16
2,DEL-GAU,6E,6E194,2026-08-16,2026-08-18
1,DEL-GAU,6E,6E194,2026-08-17,2026-08-18
2,DEL-GAU,6E,6E194,2026-08-18,2026-08-20
1,DEL-GAU,6E,6E194,2026-08-19,2026-08-20
2,DEL-GAU,6E,6E194,2026-08-22,2026-08-24
1,DEL-GAU,6E,6E194,2026-08-23,2026-08-24
1,DEL-GAU,6E,6E194,2026-08-24,2026-08-25
2,DEL-GAU,6E,6E194,2026-09-02,2026-09-04
1,DEL-GAU,6E,6E194,2026-09-03,2026-09-04
1,DEL-GAU,QP,QP579,2026-06-06,2026-06-07
1,DEL-GAU,QP,QP579,2026-06-11,2026-06-12
1,DEL-GAU,QP,QP579,2026-06-12,2026-06-13
1,DEL-GAU,QP,QP579,2026-06-16,2026-06-17
2,DEL-GAU,QP,QP579,2026-06-19,2026-06-21
1,DEL-GAU,QP,QP579,2026-06-20,2026-06-21
2,DEL-GAU,QP,QP579,2026-06-22,2026-06-24
1,DEL-GAU,QP,QP579,2026-06-23,2026-06-24
5,DEL-GAU,QP,QP579,2026-06-26,2026-07-01
1,DEL-GAU,QP,QP579,2026-06-29,2026-06-30
2,DEL-GAU,QP,QP579,2026-06-29,2026-07-01
1,DEL-GAU,QP,QP579,2026-06-30,2026-07-01
1,DEL-GAU,QP,QP579,2026-07-01,2026-07-02
1,DEL-GAU,QP,QP579,2026-07-02,2026-07-03
1,DEL-GAU,QP,QP579,2026-07-14,2026-07-15
2,DEL-GAU,QP,QP579,2026-07-14,2026-07-16
1,DEL-GAU,QP,QP579,2026-07-15,2026-07-16
2,DEL-GAU,QP,QP579,2026-07-27,2026-07-29
1,DEL-GAU,QP,QP579,2026-07-28,2026-07-29
2,DEL-GAU,QP,QP579,2026-08-04,2026-08-06
1,DEL-GAU,QP,QP579,2026-08-05,2026-08-06
2,DEL-GAU,QP,QP579,2026-08-10,2026-08-12
1,DEL-GAU,QP,QP579,2026-08-11,2026-08-12
2,DEL-GAU,QP,QP579,2026-08-16,2026-08-18
1,DEL-GAU,QP,QP579,2026-08-17,2026-08-18
2,DEL-GAU,QP,QP579,2026-08-22,2026-08-24
1,DEL-GAU,QP,QP579,2026-08-23,2026-08-24
1,DEL-GAU,QP,QP579,2026-08-25,2026-08-26
2,DEL-GAU,QP,QP579,2026-08-26,2026-08-28
1,DEL-GAU,QP,QP579,2026-08-27,2026-08-28
1,DEL-GAU,QP,QP579,2026-08-29,2026-08-30
2,DEL-GAU,QP,QP579,2026-08-30,2026-09-01
1,DEL-GAU,QP,QP579,2026-08-31,2026-09-01
1,DEL-GAU,QP,QP579,2026-09-02,2026-09-03
2,DEL-GAU,SG,SG621,2026-06-09,2026-06-11
1,DEL-GAU,SG,SG621,2026-06-10,2026-06-11
1,DEL-GAU,SG,SG621,2026-06-13,2026-06-14
1,DEL-GAU,SG,SG621,2026-06-14,2026-06-15
1,DEL-GAU,SG,SG621,2026-06-15,2026-06-16
1,DEL-GAU,SG,SG621,2026-06-29,2026-06-30
1,DEL-GAU,SG,SG621,2026-07-03,2026-07-04
5,DEL-GAU,SG,SG621,2026-07-04,2026-07-09
2,DEL-GAU,SG,SG621,2026-07-05,2026-07-07
1,DEL-GAU,SG,SG621,2026-07-06,2026-07-07
2,DEL-GAU,SG,SG621,2026-07-07,2026-07-09
1,DEL-GAU,SG,SG621,2026-07-08,2026-07-09
2,DEL-GAU,SG,SG621,2026-07-12,2026-07-14
1,DEL-GAU,SG,SG621,2026-07-13,2026-07-14
2,DEL-GAU,SG,SG621,2026-07-17,2026-07-19
1,DEL-GAU,SG,SG621,2026-07-18,2026-07-19
1,DEL-GAU,SG,SG621,2026-08-01,2026-08-02
1,DEL-GAU,SG,SG621,2026-08-07,2026-08-08
2,DEL-GAU,SG,SG621,2026-08-07,2026-08-09
1,DEL-GAU,SG,SG621,2026-08-08,2026-08-09
2,DEL-GAU,SG,SG621,2026-08-09,2026-08-11
1,DEL-GAU,SG,SG621,2026-08-10,2026-08-11
1,DEL-GAU,SG,SG621,2026-08-11,2026-08-12
2,DEL-GAU,SG,SG621,2026-08-24,2026-08-26
1,DEL-GAU,SG,SG621,2026-08-25,2026-08-26
2,DEL-GAU,IX,IX750,2026-06-07,2026-06-09
1,DEL-GAU,IX,IX750,2026-06-08,2026-06-09
1,DEL-GAU,IX,IX750,2026-06-12,2026-06-13
2,DEL-GAU,IX,IX750,2026-06-16,2026-06-18
1,DEL-GAU,IX,IX750,2026-06-17,2026-06-18
2,DEL-GAU,IX,IX750,2026-06-18,2026-06-20
1,DEL-GAU,IX,IX750,2026-06-19,2026-06-20
1,DEL-GAU,IX,IX750,2026-06-29,2026-06-30
2,DEL-GAU,IX,IX750,2026-06-29,2026-07-01
1,DEL-GAU,IX,IX750,2026-06-30,2026-07-01
1,DEL-GAU,IX,IX750,2026-07-16,2026-07-17
2,DEL-GAU,IX,IX750,2026-07-22,2026-07-24
1,DEL-GAU,IX,IX750,2026-07-23,2026-07-24
1,DEL-GAU,IX,IX750,2026-07-26,2026-07-27
2,DEL-GAU,IX,IX750,2026-07-27,2026-07-29
1,DEL-GAU,IX,IX750,2026-07-28,2026-07-29
1,DEL-GAU,IX,IX750,2026-08-04,2026-08-05
2,DEL-GAU,IX,IX750,2026-08-05,2026-08-07
1,DEL-GAU,IX,IX750,2026-08-06,2026-08-07
2,DEL-GAU,IX,IX750,2026-08-06,2026-08-08
1,DEL-GAU,IX,IX750,2026-08-07,2026-08-08
1,DEL-GAU,IX,IX750,2026-08-10,2026-08-11
1,DEL-GAU,IX,IX750,2026-08-13,2026-08-14
5,DEL-GAU,IX,IX750,2026-08-13,2026-08-18
2,DEL-GAU,IX,IX750,2026-08-16,2026-08-18
1,DEL-GAU,IX,IX750,2026-08-17,2026-08-18
2,DEL-GAU,IX,IX750,2026-08-19,2026-08-21
1,DEL-GAU,IX,IX750,2026-08-20,2026-08-21
1,DEL-GAU,IX,IX750,2026-08-26,2026-08-27
2,DEL-GAU,IX,IX750,2026-08-26,2026-08-28
1,DEL-GAU,IX,IX750,2026-08-27,2026-08-28
1,DEL-GAU,IX,IX750,2026-08-28,2026-08-29
1,GAU-DEL,IX,IX998,2026-06-07,2026-06-08
1,GAU-DEL,IX,IX998,2026-06-09,2026-06-10
2,GAU-DEL,IX,IX998,2026-06-09,2026-06-11
1,GAU-DEL,IX,IX998,2026-06-10,2026-06-11
2,GAU-DEL,IX,IX998,2026-06-13,2026-06-15
1,GAU-DEL,IX,IX998,2026-06-14,2026-06-15
1,GAU-DEL,IX,IX998,2026-06-15,2026-06-16
1,GAU-DEL,IX,IX998,2026-06-23,2026-06-24
1,GAU-DEL,IX,IX998,2026-07-01,2026-07-02
2,GAU-DEL,IX,IX998,2026-07-05,2026-07-07
1,GAU-DEL,IX,IX998,2026-07-06,2026-07-07
1,GAU-DEL,IX,IX998,2026-07-11,2026-07-12
1,GAU-DEL,IX,IX998,2026-07-24,2026-07-25
2,GAU-DEL,IX,IX998,2026-07-28,2026-07-30
1,GAU-DEL,IX,IX998,2026-07-29,2026-07-30
2,GAU-DEL,IX,IX998,2026-08-10,2026-08-12
1,GAU-DEL,IX,IX998,2026-08-11,2026-08-12
1,GAU-DEL,IX,IX998,2026-08-17,2026-08-18
2,GAU-DEL,IX,IX998,2026-08-19,2026-08-21
1,GAU-DEL,IX,IX998,2026-08-20,2026-08-21
2,GAU-DEL,IX,IX998,2026-08-21,2026-08-23
1,GAU-DEL,IX,IX998,2026-08-22,2026-08-23
2,GAU-DEL,IX,IX998,2026-08-22,2026-08-24
1,GAU-DEL,IX,IX998,2026-08-23,2026-08-24
1,GAU-DEL,IX,IX998,2026-08-24,2026-08-25
1,GAU-DEL,IX,IX998,2026-08-26,2026-08-27
2,GAU-DEL,IX,IX998,2026-08-27,2026-08-29
1,GAU-DEL,IX,IX998,2026-08-28,2026-08-29
1,GAU-DEL,6E,6E548,2026-06-06,2026-06-07
2,GAU-DEL,6E,6E548,2026-06-06,2026-06-08
1,GAU-DEL,6E,6E548,2026-06-07,2026-06-08
2,GAU-DEL,6E,6E548,2026-06-08,2026-06-10
1,GAU-DEL,6E,6E548,2026-06-09,2026-06-10
1,GAU-DEL,6E,6E548,2026-06-14,2026-06-15
2,GAU-DEL,6E,6E548,2026-06-14,2026-06-16
1,GAU-DEL,6E,6E548,2026-06-15,2026-06-16
1,GAU-DEL,6E,6E548,2026-06-24,2026-06-25
2,GAU-DEL,6E,6E548,2026-06-24,2026-06-26
1,GAU-DEL,6E,6E548,2026-06-25,2026-06-26
2,GAU-DEL,6E,6E548,2026-06-27,2026-06-29
1,GAU-DEL,6E,6E548,2026-06-28,2026-06-29
2,GAU-DEL,6E,6E548,2026-07-01,2026-07-03
1,GAU-DEL,6E,6E548,2026-07-02,2026-07-03
2,GAU-DEL,6E,6E548,2026-07-11,2026-07-13
1,GAU-DEL,6E,6E548,2026-07-12,2026-07-13
1,GAU-DEL,6E,6E548,2026-07-14,2026-07-15
1,GAU-DEL,6E,6E548,2026-07-21,2026-07-22
2,GAU-DEL,6E,6E548,2026-07-22,2026-07-24
1,GAU-DEL,6E,6E548,2026-07-23,2026-07-24
2,GAU-DEL,6E,6E548,2026-07-26,2026-07-28
1,GAU-DEL,6E,6E548,2026-07-27,2026-07-28
2,GAU-DEL,6E,6E548,2026-07-28,2026-07-30
1,GAU-DEL,6E,6E548,2026-07-29,2026-07-30
2,GAU-DEL,6E,6E548,2026-08-18,2026-08-20
1,GAU-DEL,6E,6E548,2026-08-19,2026-08-20
2,GAU-DEL,6E,6E548,2026-08-25,2026-08-27
1,GAU-DEL,6E,6E548,2026-08-26,2026-08-27
1,GAU-DEL,6E,6E548,2026-08-30,2026-08-31
2,GAU-DEL,AI,AI165,2026-06-09,2026-06-11
1,GAU-DEL,AI,AI165,2026-06-10,2026-06-11
2,GAU-DEL,AI,AI165,2026-06-16,2026-06-18
1,GAU-DEL,AI,AI165,2026-06-17,2026-06-18
1,GAU-DEL,AI,AI165,2026-06-19,2026-06-20
1,GAU-DEL,AI,AI165,2026-06-25,2026-06-26
1,GAU-DEL,AI,AI165,2026-07-07,2026-07-08
2,GAU-DEL,AI,AI165,2026-07-09,2026-07-11
1,GAU-DEL,AI,AI165,2026-07-10,2026-07-11
2,GAU-DEL,AI,AI165,2026-07-15,2026-07-17
1,GAU-DEL,AI,AI165,2026-07-16,2026-07-17
2,GAU-DEL,AI,AI165,2026-07-22,2026-07-24
1,GAU-DEL,AI,AI165,2026-07-23,2026-07-24
2,GAU-DEL,AI,AI165,2026-07-30,2026-08-01
1,GAU-DEL,AI,AI165,2026-07-31,2026-08-01
2,GAU-DEL,AI,AI165,2026-08-06,2026-08-08
1,GAU-DEL,AI,AI165,2026-08-07,2026-08-08
2,GAU-DEL,AI,AI165,2026-08-08,2026-08-10
1,GAU-DEL,AI,AI165,2026-08-09,2026-08-10
5,GAU-DEL,AI,AI165,2026-08-12,2026-08-17
1,GAU-DEL,AI,AI165,2026-08-14,2026-08-15
2,GAU-DEL,AI,AI165,2026-08-14,2026-08-16
1,GAU-DEL,AI,AI165,2026-08-15,2026-08-16
2,GAU-DEL,AI,AI165,2026-08-15,2026-08-17
1,GAU-DEL,AI,AI165,2026-08-16,2026-08-17
2,GAU-DEL,AI,AI165,2026-08-17,2026-08-19
1,GAU-DEL,AI,AI165,2026-08-18,2026-08-19
1,GAU-DEL,AI,AI165,2026-08-26,2026-08-27
2,GAU-DEL,AI,AI165,2026-08-26,2026-08-28
1,GAU-DEL,AI,AI165,2026-08-27,2026-08-28
1,GAU-DEL,AI,AI165,2026-08-30,2026-08-31
2,GAU-DEL,AI,AI165,2026-08-30,2026-09-01
1,GAU-DEL,AI,AI165,2026-08-31,2026-09-01
2,GAU-DEL,9I,9I907,2026-06-09,2026-06-11
1,GAU-DEL,9I,9I907,2026-06-10,2026-06-11
1,GAU-DEL,9I,9I907,2026-06-12,2026-06-13
1,GAU-DEL,9I,9I907,2026-06-13,2026-06-14
1,GAU-DEL,9I,9I907,2026-06-14,2026-06-15
1,GAU-DEL,9I,9I907,2026-06-16,2026-06-17
1,GAU-DEL,9I,9I907,2026-06-18,2026-06-19
2,GAU-DEL,9I,9I907,2026-06-18,2026-06-20
1,GAU-DEL,9I,9I907,2026-06-19,2026-06-20
2,GAU-DEL,9I,9I907,2026-06-27,2026-06-29
1,GAU-DEL,9I,9I907,2026-06-28,2026-06-29
2,GAU-DEL,9I,9I907,2026-07-01,2026-07-03
1,GAU-DEL,9I,9I907,2026-07-02,2026-07-03
1,GAU-DEL,9I,9I907,2026-07-03,2026-07-04
2,GAU-DEL,9I,9I907,2026-07-04,2026-07-06
1,GAU-DEL,9I,9I907,2026-07-05,2026-07-06
2,GAU-DEL,9I,9I907,2026-07-05,2026-07-07
5,GAU-DEL,9I,9I907,2026-07-05,2026-07-10
1,GAU-DEL,9I,9I907,2026-07-06,2026-07-07
2,GAU-DEL,9I,9I907,2026-07-08,2026-07-10
1,GAU-DEL,9I,9I907,2026-07-09,2026-07-10
2,GAU-DEL,9I,9I907,2026-07-22,2026-07-24
1,GAU-DEL,9I,9I907,2026-07-23,2026-07-24
2,GAU-DEL,9I,9I907,2026-08-02,2026-08-04
1,GAU-DEL,9I,9I907,2026-08-03,2026-08-04
2,GAU-DEL,9I,9I907,2026-08-06,2026-08-08
1,GAU-DEL,9I,9I907,2026-08-07,2026-08-08
1,GAU-DEL,9I,9I907,2026-08-11,2026-08-12
5,GAU-DEL,9I,9I907,2026-08-14,2026-08-19
2,GAU-DEL,9I,9I907,2026-08-17,2026-08-19
1,GAU-DEL,9I,9I907,2026-08-18,2026-08-19
2,GAU-DEL,9I,9I907,2026-08-20,2026-08-22
1,GAU-DEL,9I,9I907,2026-08-21,2026-08-22
1,GAU-DEL,9I,9I907,2026-08-26,2026-08-27
1,GAU-DEL,9I,9I907,2026-08-27,2026-08-28
1,BOM-AMD,6E,6E385,2026-06-17,2026-06-18
2,BOM-AMD,6E,6E385,2026-06-20,2026-06-22
1,BOM-AMD,6E,6E385,2026-06-21,2026-06-22
2,BOM-AMD,6E,6E385,2026-06-21,2026-06-23
1,BOM-AMD,6E,6E385,2026-06-22,2026-06-23
1,BOM-AMD,6E,6E385,2026-06-30,2026-07-01
1,BOM-AMD,6E,6E385,2026-07-03,2026-07-04
2,BOM-AMD,6E,6E385,2026-07-03,2026-07-05
1,BOM-AMD,6E,6E385,2026-07-04,2026-07-05
2,BOM-AMD,6E,6E385,2026-07-07,2026-07-09
1,BOM-AMD,6E,6E385,2026-07-08,2026-07-09
2,BOM-AMD,6E,6E385,2026-07-13,2026-07-15
1,BOM-AMD,6E,6E385,2026-07-14,2026-07-15
1,BOM-AMD,6E,6E385,2026-07-15,2026-07-16
2,BOM-AMD,6E,6E385,2026-07-17,2026-07-19
1,BOM-AMD,6E,6E385,2026-07-18,2026-07-19
1,BOM-AMD,6E,6E385,2026-07-19,2026-07-20
2,BOM-AMD,6E,6E385,2026-07-20,2026-07-22
1,BOM-AMD,6E,6E385,2026-07-21,2026-07-22
2,BOM-AMD,6E,6E385,2026-07-23,2026-07-25
1,BOM-AMD,6E,6E385,2026-07-24,2026-07-25
2,BOM-AMD,6E,6E385,2026-07-27,2026-07-29
1,BOM-AMD,6E,6E385,2026-07-28,2026-07-29
2,BOM-AMD,6E,6E385,2026-07-31,2026-08-02
1,BOM-AMD,6E,6E385,2026-08-01,2026-08-02
1,BOM-AMD,6E,6E385,2026-08-02,2026-08-03
2,BOM-AMD,6E,6E385,2026-08-02,2026-08-04
1,BOM-AMD,6E,6E385,2026-08-03,2026-08-04
1,BOM-AMD,6E,6E385,2026-08-11,2026-08-12
2,BOM-AMD,6E,6E385,2026-08-11,2026-08-13
1,BOM-AMD,6E,6E385,2026-08-12,2026-08-13
1,BOM-AMD,6E,6E385,2026-08-16,2026-08-17
2,BOM-AMD,6E,6E385,2026-08-23,2026-08-25
1,BOM-AMD,6E,6E385,2026-08-24,2026-08-25
2,BOM-AMD,IX,IX589,2026-06-08,2026-06-10
1,BOM-AMD,IX,IX589,2026-06-09,2026-06-10
1,BOM-AMD,IX,IX589,2026-06-11,2026-06-12
2,BOM-AMD,IX,IX589,2026-06-12,2026-06-14
1,BOM-AMD,IX,IX589,2026-06-13,2026-06-14
1,BOM-AMD,IX,IX589,2026-06-25,2026-06-26
2,BOM-AMD,IX,IX589,2026-06-25,2026-06-27
1,BOM-AMD,IX,IX589,2026-06-26,2026-06-27
2,BOM-AMD,IX,IX589,2026-07-03,2026-07-05
1,BOM-AMD,IX,IX589,2026-07-04,2026-07-05
1,BOM-AMD,IX,IX589,2026-07-26,2026-07-27
1,BOM-AMD,IX,IX589,2026-07-31,2026-08-01
2,BOM-AMD,IX,IX589,2026-08-04,2026-08-06
1,BOM-AMD,IX,IX589,2026-08-05,2026-08-06
1,BOM-AMD,IX,IX589,2026-08-06,2026-08-07
1,BOM-AMD,IX,IX589,2026-08-18,2026-08-19
2,BOM-AMD,IX,IX589,2026-08-19,2026-08-21
1,BOM-AMD,IX,IX589,2026-08-20,2026-08-21
2,BOM-AMD,IX,IX589,2026-08-27,2026-08-29
1,BOM-AMD,IX,IX589,2026-08-28,2026-08-29
2,BOM-AMD,IX,IX589,2026-08-30,2026-09-01
1,BOM-AMD,IX,IX589,2026-08-31,2026-09-01
1,BOM-AMD,IX,IX589,2026-09-02,2026-09-03
1,BOM-AMD,IX,IX589,2026-09-03,2026-09-04
1,BOM-AMD,SG,SG869,2026-06-10,2026-06-11
2,BOM-AMD,SG,SG869,2026-06-10,2026-06-12
1,BOM-AMD,SG,SG869,2026-06-11,2026-06-12
2,BOM-AMD,SG,SG869,2026-06-12,2026-06-14
1,BOM-AMD,SG,SG869,2026-06-13,2026-06-14
1,BOM-AMD,SG,SG869,2026-06-21,2026-06-22
2,BOM-AMD,SG,SG869,2026-06-21,2026-06-23
1,BOM-AMD,SG,SG869,2026-06-22,2026-06-23
1,BOM-AMD,SG,SG869,2026-07-03,2026-07-04
2,BOM-AMD,SG,SG869,2026-07-03,2026-07-05
1,BOM-AMD,SG,SG869,2026-07-04,2026-07-05
1,BOM-AMD,SG,SG869,2026-07-07,2026-07-08
2,BOM-AMD,SG,SG869,2026-07-08,2026-07-10
1,BOM-AMD,SG,SG869,2026-07-09,2026-07-10
2,BOM-AMD,SG,SG869,2026-07-09,2026-07-11
1,BOM-AMD,SG,SG869,2026-07-10,2026-07-11
1,BOM-AMD,SG,SG869,2026-07-11,2026-07-12
2,BOM-AMD,SG,SG869,2026-07-12,2026-07-14
1,BOM-AMD,SG,SG869,2026-07-13,2026-07-14
2,BOM-AMD,SG,SG869,2026-07-18,2026-07-20
1,BOM-AMD,SG,SG869,2026-07-19,2026-07-20
1,BOM-AMD,SG,SG869,2026-07-26,2026-07-27
2,BOM-AMD,SG,SG869,2026-07-27,2026-07-29
1,BOM-AMD,SG,SG869,2026-07-28,2026-07-29
2,BOM-AMD,SG,SG869,2026-07-29,2026-07-31
1,BOM-AMD,SG,SG869,2026-07-30,2026-07-31
2,BOM-AMD,SG,SG869,2026-08-06,2026-08-08
1,BOM-AMD,SG,SG869,2026-08-07,2026-08-08
1,BOM-AMD,SG,SG869,2026-08-09,2026-08-10
1,BOM-AMD,SG,SG869,2026-08-12,2026-08-13
2,BOM-AMD,SG,SG869,2026-08-18,2026-08-20
1,BOM-AMD,SG,SG869,2026-08-19,2026-08-20
1,BOM-AMD,SG,SG869,2026-08-22,2026-08-23
1,BOM-AMD,SG,SG869,2026-08-26,2026-08-27
1,AMD-BOM,6E,6E657,2026-06-10,2026-06-11
2,AMD-BOM,6E,6E657,2026-06-20,2026-06-22
1,AMD-BOM,6E,6E657,2026-06-21,2026-06-22
2,AMD-BOM,6E,6E657,2026-06-21,2026-06-23
1,AMD-BOM,6E,6E657,2026-06-22,2026-06-23
2,AMD-BOM,6E,6E657,2026-06-23,2026-06-25
1,AMD-BOM,6E,6E657,2026-06-24,2026-06-25
1,AMD-BOM,6E,6E657,2026-07-13,2026-07-14
1,AMD-BOM,6E,6E657,2026-07-21,2026-07-22
1,AMD-BOM,6E,6E657,2026-07-23,2026-07-24
2,AMD-BOM,6E,6E657,2026-07-27,2026-07-29
1,AMD-BOM,6E,6E657,2026-07-28,2026-07-29
1,AMD-BOM,6E,6E657,2026-08-04,2026-08-05
1,AMD-BOM,6E,6E657,2026-08-28,2026-08-29
2,AMD-BOM,AI,AI563,2026-06-07,2026-06-09
1,AMD-BOM,AI,AI563,2026-06-08,2026-06-09
2,AMD-BOM,AI,AI563,2026-06-08,2026-06-10
1,AMD-BOM,AI,AI563,2026-06-09,2026-06-10
2,AMD-BOM,AI,AI563,2026-06-27,2026-06-29
1,AMD-BOM,AI,AI563,2026-06-28,2026-06-29
1,AMD-BOM,AI,AI563,2026-07-11,2026-07-12
2,AMD-BOM,AI,AI563,2026-07-11,2026-07-13
1,AMD-BOM,AI,AI563,2026-07-12,2026-07-13
1,AMD-BOM,AI,AI563,2026-07-18,2026-07-19
2,AMD-BOM,AI,AI563,2026-07-18,2026-07-20
1,AMD-BOM,AI,AI563,2026-07-19,2026-07-20
1,AMD-BOM,AI,AI563,2026-07-20,2026-07-21
2,AMD-BOM,AI,AI563,2026-07-22,2026-07-24
1,AMD-BOM,AI,AI563,2026-07-23,2026-07-24
2,AMD-BOM,AI,AI563,2026-07-23,2026-07-25
1,AMD-BOM,AI,AI563,2026-07-24,2026-07-25
2,AMD-BOM,AI,AI563,2026-07-25,2026-07-27
1,AMD-BOM,AI,AI563,2026-07-26,2026-07-27
2,AMD-BOM,AI,AI563,2026-07-28,2026-07-30
1,AMD-BOM,AI,AI563,2026-07-29,2026-07-30
1,AMD-BOM,AI,AI563,2026-08-07,2026-08-08
2,AMD-BOM,AI,AI563,2026-08-13,2026-08-15
1,AMD-BOM,AI,AI563,2026-08-14,2026-08-15
2,AMD-BOM,AI,AI563,2026-08-21,2026-08-23
1,AMD-BOM,AI,AI563,2026-08-22,2026-08-23
2,AMD-BOM,AI,AI563,2026-08-22,2026-08-24
1,AMD-BOM,AI,AI563,2026-08-23,2026-08-24
2,AMD-BOM,AI,AI563,2026-08-23,2026-08-25
1,AMD-BOM,AI,AI563,2026-08-24,2026-08-25
2,AMD-BOM,IX,IX335,2026-06-07,2026-06-09
1,AMD-BOM,IX,IX335,2026-06-08,2026-06-09
2,AMD-BOM,IX,IX335,2026-06-08,2026-06-10
1,AMD-BOM,IX,IX335,2026-06-09,2026-06-10
2,AMD-BOM,IX,IX335,2026-06-11,2026-06-13
1,AMD-BOM,IX,IX335,2026-06-12,2026-06-13
2,AMD-BOM,IX,IX335,2026-06-16,2026-06-18
1,AMD-BOM,IX,IX335,2026-06-17,2026-06-18
1,AMD-BOM,IX,IX335,2026-06-27,2026-06-28
2,AMD-BOM,IX,IX335,2026-06-29,2026-07-01
1,AMD-BOM,IX,IX335,2026-06-30,2026-07-01
1,AMD-BOM,IX,IX335,2026-07-01,2026-07-02
1,AMD-BOM,IX,IX335,2026-07-08,2026-07-09
2,AMD-BOM,IX,IX335,2026-07-14,2026-07-16
1,AMD-BOM,IX,IX335,2026-07-15,2026-07-16
2,AMD-BOM,IX,IX335,2026-07-17,2026-07-19
5,AMD-BOM,IX,IX335,2026-07-17,2026-07-22
1,AMD-BOM,IX,IX335,2026-07-18,2026-07-19
2,AMD-BOM,IX,IX335,2026-07-19,2026-07-21
1,AMD-BOM,IX,IX335,2026-07-20,2026-07-21
2,AMD-BOM,IX,IX335,2026-07-20,2026-07-22
1,AMD-BOM,IX,IX335,2026-07-21,2026-07-22
1,AMD-BOM,IX,IX335,2026-07-27,2026-07-28
2,AMD-BOM,IX,IX335,2026-08-03,2026-08-05
1,AMD-BOM,IX,IX335,2026-08-04,2026-08-05
2,AMD-BOM,IX,IX335,2026-08-05,2026-08-07
1,AMD-BOM,IX,IX335,2026-08-06,2026-08-07
1,AMD-BOM,IX,IX335,2026-08-12,2026-08-13
1,AMD-BOM,IX,IX335,2026-08-14,2026-08-15
2,AMD-BOM,IX,IX335,2026-08-14,2026-08-16
1,AMD-BOM,IX,IX335,2026-08-15,2026-08-16
1,AMD-BOM,IX,IX335,2026-08-16,2026-08-17
1,AMD-BOM,IX,IX335,2026-08-26,2026-08-27
2,AMD-BOM,IX,IX335,2026-08-26,2026-08-28
1,AMD-BOM,IX,IX335,2026-08-27,2026-08-28
2,AMD-BOM,IX,IX335,2026-08-30,2026-09-01
1,AMD-BOM,IX,IX335,2026-08-31,2026-09-01
2,AMD-BOM,IX,IX335,2026-08-31,2026-09-02
1,AMD-BOM,IX,IX335,2026-09-01,2026-09-02
2,HYD-MAA,6E,6E859,2026-06-21,2026-06-23
1,HYD-MAA,6E,6E859,2026-06-22,2026-06-23
1,HYD-MAA,6E,6E859,2026-06-27,2026-06-28
1,HYD-MAA,6E,6E859,2026-07-13,2026-07-14
1,HYD-MAA,6E,6E859,2026-07-17,2026-07-18
1,HYD-MAA,6E,6E859,2026-07-24,2026-07-25
2,HYD-MAA,6E,6E859,2026-08-01,2026-08-03
1,HYD-MAA,6E,6E859,2026-08-02,2026-08-03
2,HYD-MAA,6E,6E859,2026-08-02,2026-08-04
1,HYD-MAA,6E,6E859,2026-08-03,2026-08-04
2,HYD-MAA,6E,6E859,2026-08-03,2026-08-05
1,HYD-MAA,6E,6E859,2026-08-04,2026-08-05
1,HYD-MAA,6E,6E859,2026-08-08,2026-08-09
2,HYD-MAA,6E,6E859,2026-08-11,2026-08-13
1,HYD-MAA,6E,6E859,2026-08-12,2026-08-13
2,HYD-MAA,6E,6E859,2026-08-13,2026-08-15
1,HYD-MAA,6E,6E859,2026-08-14,2026-08-15
2,HYD-MAA,6E,6E859,2026-08-18,2026-08-20
1,HYD-MAA,6E,6E859,2026-08-19,2026-08-20
2,HYD-MAA,6E,6E859,2026-08-20,2026-08-22
1,HYD-MAA,6E,6E859,2026-08-21,2026-08-22
2,HYD-MAA,6E,6E859,2026-08-23,2026-08-25
1,HYD-MAA,6E,6E859,2026-08-24,2026-08-25
1,HYD-MAA,6E,6E859,2026-08-25,2026-08-26
1,HYD-MAA,6E,6E859,2026-09-02,2026-09-03
2,HYD-MAA,SG,SG174,2026-06-19,2026-06-21
1,HYD-MAA,SG,SG174,2026-06-20,2026-06-21
2,HYD-MAA,SG,SG174,2026-06-28,2026-06-30
1,HYD-MAA,SG,SG174,2026-06-29,2026-06-30
2,HYD-MAA,SG,SG174,2026-06-30,2026-07-02
1,HYD-MAA,SG,SG174,2026-07-01,2026-07-02
5,HYD-MAA,SG,SG174,2026-07-07,2026-07-12
2,HYD-MAA,SG,SG174,2026-07-10,2026-07-12
1,HYD-MAA,SG,SG174,2026-07-11,2026-07-12
1,HYD-MAA,SG,SG174,2026-07-13,2026-07-14
2,HYD-MAA,SG,SG174,2026-07-13,2026-07-15
1,HYD-MAA,SG,SG174,2026-07-14,2026-07-15
2,HYD-MAA,SG,SG174,2026-07-16,2026-07-18
1,HYD-MAA,SG,SG174,2026-07-17,2026-07-18
2,HYD-MAA,SG,SG174,2026-07-18,2026-07-20
1,HYD-MAA,SG,SG174,2026-07-19,2026-07-20
1,HYD-MAA,SG,SG174,2026-07-20,2026-07-21
1,HYD-MAA,SG,SG174,2026-07-22,2026-07-23
1,HYD-MAA,SG,SG174,2026-07-27,2026-07-28
1,HYD-MAA,SG,SG174,2026-07-29,2026-07-30
1,HYD-MAA,SG,SG174,2026-08-01,2026-08-02
2,HYD-MAA,SG,SG174,2026-08-01,2026-08-03
1,HYD-MAA,SG,SG174,2026-08-02,2026-08-03
1,HYD-MAA,SG,SG174,2026-08-11,2026-08-12
2,HYD-MAA,SG,SG174,2026-08-12,2026-08-14
1,HYD-MAA,SG,SG174,2026-08-13,2026-08-14
2,HYD-MAA,SG,SG174,2026-08-15,2026-08-17
1,HYD-MAA,SG,SG174,2026-08-16,2026-08-17
2,HYD-MAA,SG,SG174,2026-08-17,2026-08-19
1,HYD-MAA,SG,SG174,2026-08-18,2026-08-19
2,HYD-MAA,SG,SG174,2026-08-20,2026-08-22
1,HYD-MAA,SG,SG174,2026-08-21,2026-08-22
1,HYD-MAA,SG,SG174,2026-08-24,2026-08-25
2,HYD-MAA,SG,SG174,2026-08-24,2026-08-26
1,HYD-MAA,SG,SG174,2026-08-25,2026-08-26
5,HYD-MAA,SG,SG174,2026-08-27,2026-09-01
1,HYD-MAA,SG,SG174,2026-08-28,2026-08-29
2,HYD-MAA,SG,SG174,2026-08-30,2026-09-01
1,HYD-MAA,SG,SG174,2026-08-31,2026-09-01
1,HYD-MAA,SG,SG174,2026-09-02,2026-09-03
2,HYD-MAA,SG,SG174,2026-09-03,2026-09-05
1,HYD-MAA,IX,IX781,2026-06-06,2026-06-07
1,HYD-MAA,IX,IX781,2026-06-09,2026-06-10
1,HYD-MAA,IX,IX781,2026-06-11,2026-06-12
2,HYD-MAA,IX,IX781,2026-06-17,2026-06-19
1,HYD-MAA,IX,IX781,2026-06-18,2026-06-19
1,HYD-MAA,IX,IX781,2026-06-25,2026-06-26
2,HYD-MAA,IX,IX781,2026-06-29,2026-07-01
1,HYD-MAA,IX,IX781,2026-06-30,2026-07-01
2,HYD-MAA,IX,IX781,2026-07-01,2026-07-03
1,HYD-MAA,IX,IX781,2026-07-02,2026-07-03
1,HYD-MAA,IX,IX781,2026-07-04,2026-07-05
1,HYD-MAA,IX,IX781,2026-07-07,2026-07-08
2,HYD-MAA,IX,IX781,2026-07-07,2026-07-09
1,HYD-MAA,IX,IX781,2026-07-08,2026-07-09
2,HYD-MAA,IX,IX781,2026-07-09,2026-07-11
1,HYD-MAA,IX,IX781,2026-07-10,2026-07-11
2,HYD-MAA,IX,IX781,2026-07-18,2026-07-20
1,HYD-MAA,IX,IX781,2026-07-19,2026-07-20
1,HYD-MAA,IX,IX781,2026-07-25,2026-07-26
2,HYD-MAA,IX,IX781,2026-08-06,2026-08-08
1,HYD-MAA,IX,IX781,2026-08-07,2026-08-08
1,HYD-MAA,IX,IX781,2026-08-12,2026-08-13
1,HYD-MAA,IX,IX781,2026-08-14,2026-08-15
1,HYD-MAA,IX,IX781,2026-08-18,2026-08-19
1,HYD-MAA,IX,IX781,2026-08-19,2026-08-20
2,HYD-MAA,IX,IX781,2026-08-22,2026-08-24
1,HYD-MAA,IX,IX781,2026-08-23,2026-08-24
2,HYD-MAA,IX,IX781,2026-08-24,2026-08-26
1,HYD-MAA,IX,IX781,2026-08-25,2026-08-26
1,HYD-MAA,IX,IX781,2026-08-30,2026-08-31
1,HYD-MAA,IX,IX781,2026-09-02,2026-09-03
2,HYD-MAA,QP,QP135,2026-06-09,2026-06-11
1,HYD-MAA,QP,QP135,2026-06-10,2026-06-11
1,HYD-MAA,QP,QP135,2026-06-15,2026-06-16
1,HYD-MAA,QP,QP135,2026-06-19,2026-06-20
2,HYD-MAA,QP,QP135,2026-06-24,2026-06-26
1,HYD-MAA,QP,QP135,2026-06-25,2026-06-26
1,HYD-MAA,QP,QP135,2026-07-04,2026-07-05
2,HYD-MAA,QP,QP135,2026-07-09,2026-07-11
1,HYD-MAA,QP,QP135,2026-07-10,2026-07-11
2,HYD-MAA,QP,QP135,2026-07-12,2026-07-14
1,HYD-MAA,QP,QP135,2026-07-13,2026-07-14
2,HYD-MAA,QP,QP135,2026-07-13,2026-07-15
1,HYD-MAA,QP,QP135,2026-07-14,2026-07-15
1,HYD-MAA,QP,QP135,2026-07-15,2026-07-16
2,HYD-MAA,QP,QP135,2026-07-16,2026-07-18
1,HYD-MAA,QP,QP135,2026-07-17,2026-07-18
2,HYD-MAA,QP,QP135,2026-07-20,2026-07-22
1,HYD-MAA,QP,QP135,2026-07-21,2026-07-22
5,HYD-MAA,QP,QP135,2026-08-03,2026-08-08
1,HYD-MAA,QP,QP135,2026-08-04,2026-08-05
1,HYD-MAA,QP,QP135,2026-08-06,2026-08-07
2,HYD-MAA,QP,QP135,2026-08-06,2026-08-08
1,HYD-MAA,QP,QP135,2026-08-07,2026-08-08
1,HYD-MAA,QP,QP135,2026-08-16,2026-08-17
1,HYD-MAA,QP,QP135,2026-08-20,2026-08-21
1,HYD-MAA,QP,QP135,2026-08-21,2026-08-22
2,HYD-MAA,QP,QP135,2026-08-22,2026-08-24
1,HYD-MAA,QP,QP135,2026-08-23,2026-08-24
1,HYD-MAA,QP,QP135,2026-08-29,2026-08-30
2,HYD-MAA,QP,QP135,2026-09-02,2026-09-04
1,HYD-MAA,QP,QP135,2026-09-03,2026-09-04
1,MAA-HYD,6E,6E262,2026-06-14,2026-06-15
2,MAA-HYD,6E,6E262,2026-06-14,2026-06-16
1,MAA-HYD,6E,6E262,2026-06-15,2026-06-16
2,MAA-HYD,6E,6E262,2026-06-19,2026-06-21
1,MAA-HYD,6E,6E262,2026-06-20,2026-06-21
1,MAA-HYD,6E,6E262,2026-06-23,2026-06-24
2,MAA-HYD,6E,6E262,2026-06-25,2026-06-27
1,MAA-HYD,6E,6E262,2026-06-26,2026-06-27
2,MAA-HYD,6E,6E262,2026-07-07,2026-07-09
1,MAA-HYD,6E,6E262,2026-07-08,2026-07-09
1,MAA-HYD,6E,6E262,2026-07-10,2026-07-11
2,MAA-HYD,6E,6E262,2026-07-16,2026-07-18
1,MAA-HYD,6E,6E262,2026-07-17,2026-07-18
2,MAA-HYD,6E,6E262,2026-07-25,2026-07-27
1,MAA-HYD,6E,6E262,2026-07-26,2026-07-27
2,MAA-HYD,6E,6E262,2026-07-29,2026-07-31
1,MAA-HYD,6E,6E262,2026-07-30,2026-07-31
1,MAA-HYD,6E,6E262,2026-08-12,2026-08-13
2,MAA-HYD,6E,6E262,2026-08-13,2026-08-15
1,MAA-HYD,6E,6E262,2026-08-14,2026-08-15
1,MAA-HYD,6E,6E262,2026-08-16,2026-08-17
1,MAA-HYD,6E,6E262,2026-08-17,2026-08-18
2,MAA-HYD,6E,6E262,2026-08-24,2026-08-26
1,MAA-HYD,6E,6E262,2026-08-25,2026-08-26
1,MAA-HYD,6E,6E262,2026-08-31,2026-09-01
2,MAA-HYD,SG,SG871,2026-06-10,2026-06-12
1,MAA-HYD,SG,SG871,2026-06-11,2026-06-12
2,MAA-HYD,SG,SG871,2026-06-11,2026-06-13
1,MAA-HYD,SG,SG871,2026-06-12,2026-06-13
2,MAA-HYD,SG,SG871,2026-06-12,2026-06-14
1,MAA-HYD,SG,SG871,2026-06-13,2026-06-14
1,MAA-HYD,SG,SG871,2026-06-15,2026-06-16
2,MAA-HYD,SG,SG871,2026-06-21,2026-06-23
1,MAA-HYD,SG,SG871,2026-06-22,2026-06-23
2,MAA-HYD,SG,SG871,2026-06-22,2026-06-24
1,MAA-HYD,SG,SG871,2026-06-23,2026-06-24
2,MAA-HYD,SG,SG871,2026-06-23,2026-06-25
1,MAA-HYD,SG,SG871,2026-06-24,2026-06-25
1,MAA-HYD,SG,SG871,2026-06-28,2026-06-29
2,MAA-HYD,SG,SG871,2026-07-05,2026-07-07
1,MAA-HYD,SG,SG871,2026-07-06,2026-07-07
1,MAA-HYD,SG,SG871,2026-07-08,2026-07-09
1,MAA-HYD,SG,SG871,2026-07-14,2026-07-15
1,MAA-HYD,SG,SG871,2026-07-22,2026-07-23
2,MAA-HYD,SG,SG871,2026-07-24,2026-07-26
1,MAA-HYD,SG,SG871,2026-07-25,2026-07-26
2,MAA-HYD,SG,SG871,2026-08-05,2026-08-07
1,MAA-HYD,SG,SG871,2026-08-06,2026-08-07
2,MAA-HYD,SG,SG871,2026-08-16,2026-08-18
1,MAA-HYD,SG,SG871,2026-08-17,2026-08-18
1,MAA-HYD,SG,SG871,2026-08-22,2026-08-23
2,MAA-HYD,SG,SG871,2026-08-22,2026-08-24
1,MAA-HYD,SG,SG871,2026-08-23,2026-08-24
1,MAA-HYD,SG,SG871,2026-08-29,2026-08-30
1,MAA-HYD,AI,AI799,2026-06-28,2026-06-29
2,MAA-HYD,AI,AI799,2026-07-01,2026-07-03
1,MAA-HYD,AI,AI799,2026-07-02,2026-07-03
2,MAA-HYD,AI,AI799,2026-07-04,2026-07-06
1,MAA-HYD,AI,AI799,2026-07-05,2026-07-06
5,MAA-HYD,AI,AI799,2026-07-05,2026-07-10
1,MAA-HYD,AI,AI799,2026-07-08,2026-07-09
2,MAA-HYD,AI,AI799,2026-07-08,2026-07-10
1,MAA-HYD,AI,AI799,2026-07-09,2026-07-10
2,MAA-HYD,AI,AI799,2026-07-15,2026-07-17
1,MAA-HYD,AI,AI799,2026-07-16,2026-07-17
2,MAA-HYD,AI,AI799,2026-07-29,2026-07-31
1,MAA-HYD,AI,AI799,2026-07-30,2026-07-31
1,MAA-HYD,AI,AI799,2026-08-03,2026-08-04
2,MAA-HYD,AI,AI799,2026-08-03,2026-08-05
1,MAA-HYD,AI,AI799,2026-08-04,2026-08-05
2,MAA-HYD,AI,AI799,2026-08-08,2026-08-10
1,MAA-HYD,AI,AI799,2026-08-09,2026-08-10
1,MAA-HYD,AI,AI799,2026-08-10,2026-08-11
1,MAA-HYD,AI,AI799,2026-08-14,2026-08-15
2,MAA-HYD,AI,AI799,2026-08-14,2026-08-16
1,MAA-HYD,AI,AI799,2026-08-15,2026-08-16
2,MAA-HYD,AI,AI799,2026-08-25,2026-08-27
1,MAA-HYD,AI,AI799,2026-08-26,2026-08-27
2,MAA-HYD,AI,AI799,2026-08-26,2026-08-28
1,MAA-HYD,AI,AI799,2026-08-27,2026-08-28
2,MAA-HYD,AI,AI799,2026-08-30,2026-09-01
1,MAA-HYD,AI,AI799,2026-08-31,2026-09-01
1,MAA-HYD,QP,QP933,2026-06-06,2026-06-07
1,MAA-HYD,QP,QP933,2026-06-09,2026-06-10
1,MAA-HYD,QP,QP933,2026-07-02,2026-07-03
2,MAA-HYD,QP,QP933,2026-07-03,2026-07-05
1,MAA-HYD,QP,QP933,2026-07-04,2026-07-05
2,MAA-HYD,QP,QP933,2026-07-14,2026-07-16
1,MAA-HYD,QP,QP933,2026-07-15,2026-07-16
2,MAA-HYD,QP,QP933,2026-07-17,2026-07-19
1,MAA-HYD,QP,QP933,2026-07-18,2026-07-19
2,MAA-HYD,QP,QP933,2026-07-20,2026-07-22
1,MAA-HYD,QP,QP933,2026-07-21,2026-07-22
2,MAA-HYD,QP,QP933,2026-07-22,2026-07-24
1,MAA-HYD,QP,QP933,2026-07-23,2026-07-24
1,MAA-HYD,QP,QP933,2026-07-25,2026-07-26
2,MAA-HYD,QP,QP933,2026-07-26,2026-07-28
1,MAA-HYD,QP,QP933,2026-07-27,2026-07-28
2,MAA-HYD,QP,QP933,2026-08-02,2026-08-04
1,MAA-HYD,QP,QP933,2026-08-03,2026-08-04
2,MAA-HYD,QP,QP933,2026-08-03,2026-08-05
1,MAA-HYD,QP,QP933,2026-08-04,2026-08-05
2,MAA-HYD,QP,QP933,2026-08-22,2026-08-24
1,MAA-HYD,QP,QP933,2026-08-23,2026-08-24
2,MAA-HYD,QP,QP933,2026-08-24,2026-08-26
1,MAA-HYD,QP,QP933,2026-08-25,2026-08-26
2,MAA-HYD,QP,QP933,2026-08-26,2026-08-28
1,MAA-HYD,QP,QP933,2026-08-27,2026-08-28
